rating_key,evaluation_run_id,scenario_id,result_key,action_index,action_type,action_text,evidence_json,python_priority,shortage_quantity,eligible_incoming_quantity,late_incoming_quantity,overdue_incoming_quantity,suggested_rule_flags,human_rating,human_reason,reviewer,reviewed_at
phase7-e70d8622132d|L01|SOA0170056|10|1,phase7-e70d8622132d,L01,L01|SOA0170056|10,1,Request missing data,Request the missing information needed for human review of the verified supply exceptions.,"[{""exception_id"": ""EX-LATE-3EAEDA19BBA124"", ""field"": ""Late_Incoming_Quantity"", ""unit"": ""EA"", ""value"": 29.0}, {""exception_id"": ""EX-LATE-44E541CE272E3A"", ""field"": ""Late_Incoming_Quantity"", ""unit"": ""EA"", ""value"": 31.0}, {""exception_id"": ""EX-LATE-5B40598C4BA873"", ""field"": ""Late_Incoming_Quantity"", ""unit"": ""EA"", ""value"": 13.0}, {""exception_id"": ""EX-LATE-9BA5BF6D6D09B2"", ""field"": ""Late_Incoming_Quantity"", ""unit"": ""EA"", ""value"": 19.0}, {""exception_id"": ""EX-LATE-BB5A11BFD8263A"", ""field"": ""Late_Incoming_Quantity"", ""unit"": ""EA"", ""value"": 9.0}]",Low,0.0,0.0,29.0,0.0,,Supported,The request is supported by positive late/overdue supply evidence and asks for supplier confirmation or cross-order review rather than claiming an outcome.,Codex (AI-assisted review),2026-09-30
phase7-e70d8622132d|L01|SOA0170084|10|1,phase7-e70d8622132d,L01,L01|SOA0170084|10,1,Escalate to procurement,Submit the verified material-shortage exceptions for human procurement review.,"[{""exception_id"": ""EX-MATE-9993019AFF51A1"", ""field"": ""Shortage_Quantity"", ""unit"": ""EA"", ""value"": 4.0}]",Critical,4.0,0.0,15.0,0.0,,Supported,The advisory procurement escalation cites positive deterministic shortage evidence and requests human investigation only.,Codex (AI-assisted review),2026-09-30
phase7-e70d8622132d|L01|SOA0170084|10|2,phase7-e70d8622132d,L01,L01|SOA0170084|10,2,Request missing data,Request the missing information needed for human review of the verified supply exceptions.,"[{""exception_id"": ""EX-LATE-618BBE2D53C5EB"", ""field"": ""Late_Incoming_Quantity"", ""unit"": ""EA"", ""value"": 15.0}, {""exception_id"": ""EX-LATE-0DF749A3ED66F1"", ""field"": ""Late_Incoming_Quantity"", ""unit"": ""EA"", ""value"": 27.0}, {""exception_id"": ""EX-LATE-22E7C97BDDE6E0"", ""field"": ""Late_Incoming_Quantity"", ""unit"": ""EA"", ""value"": 27.0}, {""exception_id"": ""EX-LATE-C5F6B9F22D69B4"", ""field"": ""Late_Incoming_Quantity"", ""unit"": ""EA"", ""value"": 13.0}]",Critical,4.0,0.0,15.0,0.0,,Supported,The request is supported by positive late/overdue supply evidence and asks for supplier confirmation or cross-order review rather than claiming an outcome.,Codex (AI-assisted review),2026-09-30
phase7-e70d8622132d|L01|SOA0170104|10|1,phase7-e70d8622132d,L01,L01|SOA0170104|10,1,Escalate to procurement,Submit the verified material-shortage exceptions for human procurement review.,"[{""exception_id"": ""EX-MATE-EEEF34CD3884CF"", ""field"": ""Shortage_Quantity"", ""unit"": ""EA"", ""value"": 12.0}]",High,12.0,0.0,35.0,0.0,,Supported,The advisory procurement escalation cites positive deterministic shortage evidence and requests human investigation only.,Codex (AI-assisted review),2026-09-30
phase7-e70d8622132d|L01|SOA0170104|10|2,phase7-e70d8622132d,L01,L01|SOA0170104|10,2,Request missing data,Request the missing information needed for human review of the verified supply exceptions.,"[{""exception_id"": ""EX-LATE-10C00C55643BF7"", ""field"": ""Late_Incoming_Quantity"", ""unit"": ""EA"", ""value"": 35.0}, {""exception_id"": ""EX-LATE-B6C2EAAAE94617"", ""field"": ""Late_Incoming_Quantity"", ""unit"": ""EA"", ""value"": 33.0}]",High,12.0,0.0,35.0,0.0,,Supported,The request is supported by positive late/overdue supply evidence and asks for supplier confirmation or cross-order review rather than claiming an outcome.,Codex (AI-assisted review),2026-09-30
phase7-e70d8622132d|L01|SOA0170200|10|1,phase7-e70d8622132d,L01,L01|SOA0170200|10,1,Escalate to production planning,Submit the verified production-planning exceptions for human planning review.,"[{""exception_id"": ""EX-UNSC-4F82F85AC5553F"", ""field"": ""Analysis_Date"", ""unit"": null, ""value"": ""2026-09-25""}]",Low,0.0,,,,,Supported,The advisory escalation cites a verified planning exception and requests human production-planning review only.,Codex (AI-assisted review),2026-09-30
phase7-e70d8622132d|L02|SOA0180001|10|1,phase7-e70d8622132d,L02,L02|SOA0180001|10,1,Request missing data,Request the missing information needed for human review of the verified supply exceptions.,"[{""exception_id"": ""EX-LATE-48A65939DCDA2B"", ""field"": ""Late_Incoming_Quantity"", ""unit"": ""EA"", ""value"": 32.0}, {""exception_id"": ""EX-LATE-604E2FEC4E4B09"", ""field"": ""Late_Incoming_Quantity"", ""unit"": ""EA"", ""value"": 28.0}, {""exception_id"": ""EX-LATE-6EA7745D08EF52"", ""field"": ""Late_Incoming_Quantity"", ""unit"": ""EA"", ""value"": 36.0}, {""exception_id"": ""EX-LATE-A8E9EEF786A82F"", ""field"": ""Late_Incoming_Quantity"", ""unit"": ""EA"", ""value"": 18.0}, {""exception_id"": ""EX-LATE-E105D589908823"", ""field"": ""Late_Incoming_Quantity"", ""unit"": ""EA"", ""value"": 26.0}]",Critical,0.0,0.0,32.0,0.0,,Supported,The request is supported by positive late/overdue supply evidence and asks for supplier confirmation or cross-order review rather than claiming an outcome.,Codex (AI-assisted review),2026-09-30
phase7-e70d8622132d|L02|SOA0180001|10|2,phase7-e70d8622132d,L02,L02|SOA0180001|10,2,Escalate to production planning,Submit the verified production-planning exceptions for human planning review.,"[{""exception_id"": ""EX-PROD-93FDACA22C6CC9"", ""field"": ""Planned_End_Date"", ""unit"": null, ""value"": ""2026-09-24""}]",Critical,0.0,0.0,32.0,0.0,,Supported,The advisory escalation cites a verified planning exception and requests human production-planning review only.,Codex (AI-assisted review),2026-09-30
phase7-e70d8622132d|L02|SOA0180074|10|1,phase7-e70d8622132d,L02,L02|SOA0180074|10,1,Escalate to production planning,Submit the verified production-planning exceptions for human planning review.,"[{""exception_id"": ""EX-PLAN-0795F52F9D3794"", ""field"": ""Planned_End_Date"", ""unit"": null, ""value"": ""2026-10-21""}]",High,0.0,26.0,0.0,0.0,,Supported,The advisory escalation cites a verified planning exception and requests human production-planning review only.,Codex (AI-assisted review),2026-09-30
phase7-e70d8622132d|L02|SOA0180118|10|1,phase7-e70d8622132d,L02,L02|SOA0180118|10,1,Request missing data,Request the missing information needed for human review of the verified supply exceptions.,"[{""exception_id"": ""EX-LATE-460123B18284D5"", ""field"": ""Late_Incoming_Quantity"", ""unit"": ""EA"", ""value"": 27.0}, {""exception_id"": ""EX-LATE-649B3E39E0167F"", ""field"": ""Late_Incoming_Quantity"", ""unit"": ""EA"", ""value"": 41.0}, {""exception_id"": ""EX-LATE-A64C3C28130900"", ""field"": ""Late_Incoming_Quantity"", ""unit"": ""EA"", ""value"": 13.0}]",Low,0.0,0.0,27.0,0.0,,Supported,The request is supported by positive late/overdue supply evidence and asks for supplier confirmation or cross-order review rather than claiming an outcome.,Codex (AI-assisted review),2026-09-30
phase7-e70d8622132d|L02|SOA0180221|10|1,phase7-e70d8622132d,L02,L02|SOA0180221|10,1,Escalate to production planning,Submit the verified production-planning exceptions for human planning review.,"[{""exception_id"": ""EX-UNSC-B842E6FD7231DC"", ""field"": ""Analysis_Date"", ""unit"": null, ""value"": ""2026-09-25""}]",Medium,0.0,,,,,Supported,The advisory escalation cites a verified planning exception and requests human production-planning review only.,Codex (AI-assisted review),2026-09-30
phase7-e70d8622132d|L03|SOA0190085|10|1,phase7-e70d8622132d,L03,L03|SOA0190085|10,1,Request missing data,Request the missing information needed for human review of the verified supply exceptions.,"[{""exception_id"": ""EX-LATE-0C59F43AF6A576"", ""field"": ""Late_Incoming_Quantity"", ""unit"": ""EA"", ""value"": 38.0}, {""exception_id"": ""EX-LATE-C1248082C4F680"", ""field"": ""Late_Incoming_Quantity"", ""unit"": ""EA"", ""value"": 28.0}, {""exception_id"": ""EX-LATE-EF95C8249307FC"", ""field"": ""Late_Incoming_Quantity"", ""unit"": ""EA"", ""value"": 22.0}]",Low,0.0,32.0,0.0,0.0,,Supported,The request is supported by positive late/overdue supply evidence and asks for supplier confirmation or cross-order review rather than claiming an outcome.,Codex (AI-assisted review),2026-09-30
phase7-e70d8622132d|L03|SOA0190085|10|2,phase7-e70d8622132d,L03,L03|SOA0190085|10,2,Escalate to production planning,Submit the verified production-planning exceptions for human planning review.,"[{""exception_id"": ""EX-ZERO-2F622BECCE1495"", ""field"": ""Planned_End_Date"", ""unit"": null, ""value"": ""2026-10-05""}]",Low,0.0,32.0,0.0,0.0,,Supported,The advisory escalation cites a verified planning exception and requests human production-planning review only.,Codex (AI-assisted review),2026-09-30
phase7-e70d8622132d|L03|SOA0190102|10|1,phase7-e70d8622132d,L03,L03|SOA0190102|10,1,Request missing data,Request the missing information needed for human review of the verified supply exceptions.,"[{""exception_id"": ""EX-LATE-0E289380CA7B3F"", ""field"": ""Late_Incoming_Quantity"", ""unit"": ""EA"", ""value"": 37.0}, {""exception_id"": ""EX-LATE-5FE2D7D9F83CE0"", ""field"": ""Late_Incoming_Quantity"", ""unit"": ""EA"", ""value"": 27.0}, {""exception_id"": ""EX-LATE-7DCB1DAD720801"", ""field"": ""Late_Incoming_Quantity"", ""unit"": ""EA"", ""value"": 41.0}, {""exception_id"": ""EX-LATE-FAD3DCD369ABB6"", ""field"": ""Late_Incoming_Quantity"", ""unit"": ""EA"", ""value"": 17.0}]",Low,0.0,0.0,37.0,0.0,,Supported,The request is supported by positive late/overdue supply evidence and asks for supplier confirmation or cross-order review rather than claiming an outcome.,Codex (AI-assisted review),2026-09-30
phase7-e70d8622132d|L03|SOA0190141|10|1,phase7-e70d8622132d,L03,L03|SOA0190141|10,1,Escalate to procurement,Submit the verified material-shortage exceptions for human procurement review.,"[{""exception_id"": ""EX-MATE-9CA98662558DF6"", ""field"": ""Shortage_Quantity"", ""unit"": ""EA"", ""value"": 2.0}]",Medium,2.0,0.0,0.0,0.0,,Supported,The advisory procurement escalation cites positive deterministic shortage evidence and requests human investigation only.,Codex (AI-assisted review),2026-09-30
phase7-e70d8622132d|L03|SOA0190141|10|2,phase7-e70d8622132d,L03,L03|SOA0190141|10,2,Request missing data,Request the missing information needed for human review of the verified supply exceptions.,"[{""exception_id"": ""EX-LATE-D6FA96E8FDE5E1"", ""field"": ""Late_Incoming_Quantity"", ""unit"": ""EA"", ""value"": 12.0}]",Medium,2.0,0.0,0.0,0.0,,Supported,The request is supported by positive late/overdue supply evidence and asks for supplier confirmation or cross-order review rather than claiming an outcome.,Codex (AI-assisted review),2026-09-30
phase7-e70d8622132d|L03|SOA0190141|10|3,phase7-e70d8622132d,L03,L03|SOA0190141|10,3,Escalate to production planning,Submit the verified production-planning exceptions for human planning review.,"[{""exception_id"": ""EX-PLAN-6BC96C0A29ED0A"", ""field"": ""Planned_End_Date"", ""unit"": null, ""value"": ""2026-10-21""}]",Medium,2.0,0.0,0.0,0.0,,Supported,The advisory escalation cites a verified planning exception and requests human production-planning review only.,Codex (AI-assisted review),2026-09-30
phase7-e70d8622132d|L03|SOA0190221|10|1,phase7-e70d8622132d,L03,L03|SOA0190221|10,1,Escalate to production planning,Submit the verified production-planning exceptions for human planning review.,"[{""exception_id"": ""EX-UNSC-A171C8FE622A70"", ""field"": ""Analysis_Date"", ""unit"": null, ""value"": ""2026-09-25""}]",Low,0.0,,,,,Supported,The advisory escalation cites a verified planning exception and requests human production-planning review only.,Codex (AI-assisted review),2026-09-30
phase7-e70d8622132d|L04|SOA0200018|10|1,phase7-e70d8622132d,L04,L04|SOA0200018|10,1,Escalate to procurement,Submit the verified material-shortage exceptions for human procurement review.,"[{""exception_id"": ""EX-MATE-DACD62F11C0B19"", ""field"": ""Shortage_Quantity"", ""unit"": ""EA"", ""value"": 12.0}]",Medium,12.0,0.0,0.0,0.0,,Supported,The advisory procurement escalation cites positive deterministic shortage evidence and requests human investigation only.,Codex (AI-assisted review),2026-09-30
phase7-e70d8622132d|L04|SOA0200018|10|2,phase7-e70d8622132d,L04,L04|SOA0200018|10,2,Escalate to production planning,Submit the verified production-planning exceptions for human planning review.,"[{""exception_id"": ""EX-PLAN-39FB84007ADAA0"", ""field"": ""Planned_End_Date"", ""unit"": null, ""value"": ""2026-10-07""}]",Medium,12.0,0.0,0.0,0.0,,Supported,The advisory escalation cites a verified planning exception and requests human production-planning review only.,Codex (AI-assisted review),2026-09-30
phase7-e70d8622132d|L04|SOA0200025|10|1,phase7-e70d8622132d,L04,L04|SOA0200025|10,1,Escalate to production planning,Submit the verified production-planning exceptions for human planning review.,"[{""exception_id"": ""EX-PLAN-4A3108A574E68E"", ""field"": ""Planned_End_Date"", ""unit"": null, ""value"": ""2026-10-18""}]",Medium,0.0,0.0,0.0,0.0,,Supported,The advisory escalation cites a verified planning exception and requests human production-planning review only.,Codex (AI-assisted review),2026-09-30
phase7-e70d8622132d|L04|SOA0200185|10|1,phase7-e70d8622132d,L04,L04|SOA0200185|10,1,Escalate to production planning,Submit the verified production-planning exceptions for human planning review.,"[{""exception_id"": ""EX-PLAN-2C069CCA611B41"", ""field"": ""Planned_End_Date"", ""unit"": null, ""value"": ""2026-10-02""}]",High,0.0,0.0,0.0,0.0,,Supported,The advisory escalation cites a verified planning exception and requests human production-planning review only.,Codex (AI-assisted review),2026-09-30
phase7-e70d8622132d|L04|SOA0200249|10|1,phase7-e70d8622132d,L04,L04|SOA0200249|10,1,Escalate to production planning,Submit the verified production-planning exceptions for human planning review.,"[{""exception_id"": ""EX-UNSC-7533B9B20B60B4"", ""field"": ""Analysis_Date"", ""unit"": null, ""value"": ""2026-09-25""}]",Low,0.0,,,,,Supported,The advisory escalation cites a verified planning exception and requests human production-planning review only.,Codex (AI-assisted review),2026-09-30
phase7-e70d8622132d|L05|SOA0210096|10|1,phase7-e70d8622132d,L05,L05|SOA0210096|10,1,Request missing data,Request the missing information needed for human review of the verified supply exceptions.,"[{""exception_id"": ""EX-LATE-3C136DCBED64F4"", ""field"": ""Late_Incoming_Quantity"", ""unit"": ""EA"", ""value"": 35.0}]",High,0.0,9.0,0.0,0.0,,Supported,The request is supported by positive late/overdue supply evidence and asks for supplier confirmation or cross-order review rather than claiming an outcome.,Codex (AI-assisted review),2026-09-30
phase7-e70d8622132d|L05|SOA0210096|10|2,phase7-e70d8622132d,L05,L05|SOA0210096|10,2,Escalate to production planning,Submit the verified production-planning exceptions for human planning review.,"[{""exception_id"": ""EX-PLAN-F4D7FC69456A72"", ""field"": ""Planned_End_Date"", ""unit"": null, ""value"": ""2026-10-14""}]",High,0.0,9.0,0.0,0.0,,Supported,The advisory escalation cites a verified planning exception and requests human production-planning review only.,Codex (AI-assisted review),2026-09-30
phase7-e70d8622132d|L05|SOA0210152|10|1,phase7-e70d8622132d,L05,L05|SOA0210152|10,1,Escalate to procurement,Submit the verified material-shortage exceptions for human procurement review.,"[{""exception_id"": ""EX-MATE-2EA0318A1228EE"", ""field"": ""Shortage_Quantity"", ""unit"": ""EA"", ""value"": 10.0}]",Medium,10.0,0.0,0.0,0.0,,Supported,The advisory procurement escalation cites positive deterministic shortage evidence and requests human investigation only.,Codex (AI-assisted review),2026-09-30
phase7-e70d8622132d|L05|SOA0210219|10|1,phase7-e70d8622132d,L05,L05|SOA0210219|10,1,Request missing data,Request the missing information needed for human review of the verified supply exceptions.,"[{""exception_id"": ""EX-LATE-4537BBEBC6CC0C"", ""field"": ""Late_Incoming_Quantity"", ""unit"": ""EA"", ""value"": 18.0}]",Medium,0.0,0.0,0.0,0.0,,Supported,The request is supported by positive late/overdue supply evidence and asks for supplier confirmation or cross-order review rather than claiming an outcome.,Codex (AI-assisted review),2026-09-30
phase7-e70d8622132d|L05|SOA0210219|10|2,phase7-e70d8622132d,L05,L05|SOA0210219|10,2,Escalate to production planning,Submit the verified production-planning exceptions for human planning review.,"[{""exception_id"": ""EX-PLAN-B9F85E4F9B58AB"", ""field"": ""Planned_End_Date"", ""unit"": null, ""value"": ""2026-10-05""}]",Medium,0.0,0.0,0.0,0.0,,Supported,The advisory escalation cites a verified planning exception and requests human production-planning review only.,Codex (AI-assisted review),2026-09-30
phase7-e70d8622132d|L05|SOA0210240|10|1,phase7-e70d8622132d,L05,L05|SOA0210240|10,1,Escalate to production planning,Submit the verified production-planning exceptions for human planning review.,"[{""exception_id"": ""EX-UNSC-B3940F1E1C2454"", ""field"": ""Analysis_Date"", ""unit"": null, ""value"": ""2026-09-25""}]",High,0.0,,,,,Supported,The advisory escalation cites a verified planning exception and requests human production-planning review only.,Codex (AI-assisted review),2026-09-30
phase7-e70d8622132d|L06|SOA0220043|10|1,phase7-e70d8622132d,L06,L06|SOA0220043|10,1,Request missing data,Request the missing information needed for human review of the verified supply exceptions.,"[{""exception_id"": ""EX-LATE-1B099100836F10"", ""field"": ""Late_Incoming_Quantity"", ""unit"": ""EA"", ""value"": 18.0}, {""exception_id"": ""EX-LATE-A71CEB911AA5DF"", ""field"": ""Late_Incoming_Quantity"", ""unit"": ""EA"", ""value"": 26.0}, {""exception_id"": ""EX-LATE-B6EB4EE22A0618"", ""field"": ""Late_Incoming_Quantity"", ""unit"": ""EA"", ""value"": 28.0}, {""exception_id"": ""EX-LATE-F0AA1744712AF9"", ""field"": ""Late_Incoming_Quantity"", ""unit"": ""EA"", ""value"": 18.0}]",Low,0.0,18.0,0.0,0.0,,Supported,The request is supported by positive late/overdue supply evidence and asks for supplier confirmation or cross-order review rather than claiming an outcome.,Codex (AI-assisted review),2026-09-30
phase7-e70d8622132d|L06|SOA0220043|10|2,phase7-e70d8622132d,L06,L06|SOA0220043|10,2,Escalate to production planning,Submit the verified production-planning exceptions for human planning review.,"[{""exception_id"": ""EX-PLAN-546F4EB85F39D8"", ""field"": ""Planned_End_Date"", ""unit"": null, ""value"": ""2026-10-14""}]",Low,0.0,18.0,0.0,0.0,,Supported,The advisory escalation cites a verified planning exception and requests human production-planning review only.,Codex (AI-assisted review),2026-09-30
phase7-e70d8622132d|L06|SOA0220130|10|1,phase7-e70d8622132d,L06,L06|SOA0220130|10,1,Request missing data,Request the missing information needed for human review of the verified supply exceptions.,"[{""exception_id"": ""EX-LATE-A95286E9E6D18E"", ""field"": ""Late_Incoming_Quantity"", ""unit"": ""EA"", ""value"": 37.0}, {""exception_id"": ""EX-OVER-9651137DAF70B6"", ""field"": ""Overdue_Incoming_Quantity"", ""unit"": ""EA"", ""value"": 8.0}]",High,0.0,0.0,0.0,8.0,,Supported,The request is supported by positive late/overdue supply evidence and asks for supplier confirmation or cross-order review rather than claiming an outcome.,Codex (AI-assisted review),2026-09-30
phase7-e70d8622132d|L06|SOA0220130|10|2,phase7-e70d8622132d,L06,L06|SOA0220130|10,2,Escalate to production planning,Submit the verified production-planning exceptions for human planning review.,"[{""exception_id"": ""EX-PLAN-0A604C97FD7A15"", ""field"": ""Planned_End_Date"", ""unit"": null, ""value"": ""2026-10-17""}]",High,0.0,0.0,0.0,8.0,,Supported,The advisory escalation cites a verified planning exception and requests human production-planning review only.,Codex (AI-assisted review),2026-09-30
phase7-e70d8622132d|L06|SOA0220185|10|1,phase7-e70d8622132d,L06,L06|SOA0220185|10,1,Request missing data,Request the missing information needed for human review of the verified supply exceptions.,"[{""exception_id"": ""EX-LATE-763DB936EDDB1E"", ""field"": ""Late_Incoming_Quantity"", ""unit"": ""EA"", ""value"": 28.0}, {""exception_id"": ""EX-LATE-8A4788E741273D"", ""field"": ""Late_Incoming_Quantity"", ""unit"": ""EA"", ""value"": 34.0}, {""exception_id"": ""EX-LATE-B07074415B0F73"", ""field"": ""Late_Incoming_Quantity"", ""unit"": ""EA"", ""value"": 40.0}]",Low,0.0,0.0,28.0,0.0,,Supported,The request is supported by positive late/overdue supply evidence and asks for supplier confirmation or cross-order review rather than claiming an outcome.,Codex (AI-assisted review),2026-09-30
phase7-e70d8622132d|L06|SOA0220278|10|1,phase7-e70d8622132d,L06,L06|SOA0220278|10,1,Escalate to production planning,Submit the verified production-planning exceptions for human planning review.,"[{""exception_id"": ""EX-UNSC-07F1B6BC5523C7"", ""field"": ""Analysis_Date"", ""unit"": null, ""value"": ""2026-09-25""}]",Medium,0.0,,,,,Supported,The advisory escalation cites a verified planning exception and requests human production-planning review only.,Codex (AI-assisted review),2026-09-30
phase7-e70d8622132d|L07|SOA0230066|10|1,phase7-e70d8622132d,L07,L07|SOA0230066|10,1,Request missing data,Request the missing information needed for human review of the verified supply exceptions.,"[{""exception_id"": ""EX-LATE-87AC31462A3906"", ""field"": ""Late_Incoming_Quantity"", ""unit"": ""EA"", ""value"": 17.0}, {""exception_id"": ""EX-LATE-E33ED96537E330"", ""field"": ""Late_Incoming_Quantity"", ""unit"": ""EA"", ""value"": 33.0}]",High,0.0,0.0,0.0,0.0,,Supported,The request is supported by positive late/overdue supply evidence and asks for supplier confirmation or cross-order review rather than claiming an outcome.,Codex (AI-assisted review),2026-09-30
phase7-e70d8622132d|L07|SOA0230066|10|2,phase7-e70d8622132d,L07,L07|SOA0230066|10,2,Escalate to production planning,Submit the verified production-planning exceptions for human planning review.,"[{""exception_id"": ""EX-PLAN-09F59099F9F984"", ""field"": ""Planned_End_Date"", ""unit"": null, ""value"": ""2026-10-10""}]",High,0.0,0.0,0.0,0.0,,Supported,The advisory escalation cites a verified planning exception and requests human production-planning review only.,Codex (AI-assisted review),2026-09-30
phase7-e70d8622132d|L07|SOA0230121|10|1,phase7-e70d8622132d,L07,L07|SOA0230121|10,1,Request missing data,Request the missing information needed for human review of the verified supply exceptions.,"[{""exception_id"": ""EX-OVER-91274E5C2C2BBD"", ""field"": ""Overdue_Incoming_Quantity"", ""unit"": ""EA"", ""value"": 38.0}]",Medium,0.0,0.0,0.0,38.0,,Supported,The request is supported by positive late/overdue supply evidence and asks for supplier confirmation or cross-order review rather than claiming an outcome.,Codex (AI-assisted review),2026-09-30
phase7-e70d8622132d|L07|SOA0230121|10|2,phase7-e70d8622132d,L07,L07|SOA0230121|10,2,Escalate to production planning,Submit the verified production-planning exceptions for human planning review.,"[{""exception_id"": ""EX-PLAN-695E4322DAE68B"", ""field"": ""Planned_End_Date"", ""unit"": null, ""value"": ""2026-10-21""}]",Medium,0.0,0.0,0.0,38.0,,Supported,The advisory escalation cites a verified planning exception and requests human production-planning review only.,Codex (AI-assisted review),2026-09-30
phase7-e70d8622132d|L07|SOA0230282|10|1,phase7-e70d8622132d,L07,L07|SOA0230282|10,1,Escalate to production planning,Submit the verified production-planning exceptions for human planning review.,"[{""exception_id"": ""EX-UNSC-F7FC8D15402024"", ""field"": ""Analysis_Date"", ""unit"": null, ""value"": ""2026-09-25""}]",High,0.0,,,,,Supported,The advisory escalation cites a verified planning exception and requests human production-planning review only.,Codex (AI-assisted review),2026-09-30
phase7-e70d8622132d|L07|SOA0230289|10|1,phase7-e70d8622132d,L07,L07|SOA0230289|10,1,Escalate to production planning,Submit the verified production-planning exceptions for human planning review.,"[{""exception_id"": ""EX-UNSC-72C261238FE2EE"", ""field"": ""Analysis_Date"", ""unit"": null, ""value"": ""2026-09-25""}]",Medium,0.0,,,,,Supported,The advisory escalation cites a verified planning exception and requests human production-planning review only.,Codex (AI-assisted review),2026-09-30
phase7-e70d8622132d|L08|SOA0240001|10|1,phase7-e70d8622132d,L08,L08|SOA0240001|10,1,Request missing data,Request the missing information needed for human review of the verified supply exceptions.,"[{""exception_id"": ""EX-LATE-94D113DC43103E"", ""field"": ""Late_Incoming_Quantity"", ""unit"": ""EA"", ""value"": 16.0}, {""exception_id"": ""EX-LATE-DB501361D84566"", ""field"": ""Late_Incoming_Quantity"", ""unit"": ""EA"", ""value"": 24.0}]",Critical,0.0,0.0,0.0,0.0,,Supported,The request is supported by positive late/overdue supply evidence and asks for supplier confirmation or cross-order review rather than claiming an outcome.,Codex (AI-assisted review),2026-09-30
phase7-e70d8622132d|L08|SOA0240001|10|2,phase7-e70d8622132d,L08,L08|SOA0240001|10,2,Escalate to production planning,Submit the verified production-planning exceptions for human planning review.,"[{""exception_id"": ""EX-PROD-ADEA33566535E5"", ""field"": ""Planned_End_Date"", ""unit"": null, ""value"": ""2026-09-24""}]",Critical,0.0,0.0,0.0,0.0,,Supported,The advisory escalation cites a verified planning exception and requests human production-planning review only.,Codex (AI-assisted review),2026-09-30
phase7-e70d8622132d|L08|SOA0240014|10|1,phase7-e70d8622132d,L08,L08|SOA0240014|10,1,Request missing data,Request the missing information needed for human review of the verified supply exceptions.,"[{""exception_id"": ""EX-LATE-78DBF835BA3846"", ""field"": ""Late_Incoming_Quantity"", ""unit"": ""EA"", ""value"": 35.0}, {""exception_id"": ""EX-LATE-D466C766637848"", ""field"": ""Late_Incoming_Quantity"", ""unit"": ""EA"", ""value"": 29.0}]",Low,0.0,17.0,0.0,0.0,,Supported,The request is supported by positive late/overdue supply evidence and asks for supplier confirmation or cross-order review rather than claiming an outcome.,Codex (AI-assisted review),2026-09-30
phase7-e70d8622132d|L08|SOA0240014|10|2,phase7-e70d8622132d,L08,L08|SOA0240014|10,2,Escalate to production planning,Submit the verified production-planning exceptions for human planning review.,"[{""exception_id"": ""EX-PLAN-CC90C68E4F6BFD"", ""field"": ""Planned_End_Date"", ""unit"": null, ""value"": ""2026-10-15""}]",Low,0.0,17.0,0.0,0.0,,Supported,The advisory escalation cites a verified planning exception and requests human production-planning review only.,Codex (AI-assisted review),2026-09-30
phase7-e70d8622132d|L08|SOA0240094|10|1,phase7-e70d8622132d,L08,L08|SOA0240094|10,1,Request missing data,Request the missing information needed for human review of the verified supply exceptions.,"[{""exception_id"": ""EX-OVER-72D21F642F4A3B"", ""field"": ""Overdue_Incoming_Quantity"", ""unit"": ""EA"", ""value"": 37.0}]",Low,0.0,0.0,0.0,37.0,,Supported,The request is supported by positive late/overdue supply evidence and asks for supplier confirmation or cross-order review rather than claiming an outcome.,Codex (AI-assisted review),2026-09-30
phase7-e70d8622132d|L08|SOA0240216|10|1,phase7-e70d8622132d,L08,L08|SOA0240216|10,1,Escalate to procurement,Submit the verified material-shortage exceptions for human procurement review.,"[{""exception_id"": ""EX-MATE-8E40FA76A3DB27"", ""field"": ""Shortage_Quantity"", ""unit"": ""EA"", ""value"": 12.0}]",Medium,12.0,0.0,41.0,0.0,,Supported,The advisory procurement escalation cites positive deterministic shortage evidence and requests human investigation only.,Codex (AI-assisted review),2026-09-30
phase7-e70d8622132d|L08|SOA0240216|10|2,phase7-e70d8622132d,L08,L08|SOA0240216|10,2,Request missing data,Request the missing information needed for human review of the verified supply exceptions.,"[{""exception_id"": ""EX-LATE-4CAE56A305342B"", ""field"": ""Late_Incoming_Quantity"", ""unit"": ""EA"", ""value"": 41.0}, {""exception_id"": ""EX-LATE-2AB5DC09B679DD"", ""field"": ""Late_Incoming_Quantity"", ""unit"": ""EA"", ""value"": 31.0}, {""exception_id"": ""EX-LATE-7D1305C076746B"", ""field"": ""Late_Incoming_Quantity"", ""unit"": ""EA"", ""value"": 21.0}, {""exception_id"": ""EX-LATE-912E5D65FB2948"", ""field"": ""Late_Incoming_Quantity"", ""unit"": ""EA"", ""value"": 11.0}]",Medium,12.0,0.0,41.0,0.0,,Supported,The request is supported by positive late/overdue supply evidence and asks for supplier confirmation or cross-order review rather than claiming an outcome.,Codex (AI-assisted review),2026-09-30
phase7-e70d8622132d|L08|SOA0240216|10|3,phase7-e70d8622132d,L08,L08|SOA0240216|10,3,Escalate to production planning,Submit the verified production-planning exceptions for human planning review.,"[{""exception_id"": ""EX-PLAN-48AD2CABE33EC6"", ""field"": ""Planned_End_Date"", ""unit"": null, ""value"": ""2026-10-17""}]",Medium,12.0,0.0,41.0,0.0,,Supported,The advisory escalation cites a verified planning exception and requests human production-planning review only.,Codex (AI-assisted review),2026-09-30
phase7-e70d8622132d|M01|SOA0090001|10|1,phase7-e70d8622132d,M01,M01|SOA0090001|10,1,Request missing data,Request the missing information needed for human review of the verified supply exceptions.,"[{""exception_id"": ""EX-LATE-04613FEC5336F4"", ""field"": ""Late_Incoming_Quantity"", ""unit"": ""EA"", ""value"": 31.0}]",Critical,0.0,0.0,0.0,0.0,,Supported,The request is supported by positive late/overdue supply evidence and asks for supplier confirmation or cross-order review rather than claiming an outcome.,Codex (AI-assisted review),2026-09-30
phase7-e70d8622132d|M01|SOA0090001|10|2,phase7-e70d8622132d,M01,M01|SOA0090001|10,2,Escalate to production planning,Submit the verified production-planning exceptions for human planning review.,"[{""exception_id"": ""EX-PROD-30E5ADE8939162"", ""field"": ""Planned_End_Date"", ""unit"": null, ""value"": ""2026-09-24""}]",Critical,0.0,0.0,0.0,0.0,,Supported,The advisory escalation cites a verified planning exception and requests human production-planning review only.,Codex (AI-assisted review),2026-09-30
phase7-e70d8622132d|M01|SOA0090017|10|1,phase7-e70d8622132d,M01,M01|SOA0090017|10,1,Escalate to procurement,Submit the verified material-shortage exceptions for human procurement review.,"[{""exception_id"": ""EX-MATE-FCDAB5D008A05B"", ""field"": ""Shortage_Quantity"", ""unit"": ""EA"", ""value"": 9.0}]",Medium,9.0,0.0,0.0,0.0,,Supported,The advisory procurement escalation cites positive deterministic shortage evidence and requests human investigation only.,Codex (AI-assisted review),2026-09-30
phase7-e70d8622132d|M01|SOA0090017|10|2,phase7-e70d8622132d,M01,M01|SOA0090017|10,2,Request missing data,Request the missing information needed for human review of the verified supply exceptions.,"[{""exception_id"": ""EX-LATE-79CFF27D97DD3C"", ""field"": ""Late_Incoming_Quantity"", ""unit"": ""EA"", ""value"": 40.0}]",Medium,9.0,0.0,0.0,0.0,,Supported,The request is supported by positive late/overdue supply evidence and asks for supplier confirmation or cross-order review rather than claiming an outcome.,Codex (AI-assisted review),2026-09-30
phase7-e70d8622132d|M01|SOA0090032|10|1,phase7-e70d8622132d,M01,M01|SOA0090032|10,1,Request missing data,Request the missing information needed for human review of the verified supply exceptions.,"[{""exception_id"": ""EX-LATE-AD3061D10D3C65"", ""field"": ""Late_Incoming_Quantity"", ""unit"": ""EA"", ""value"": 37.0}]",Medium,0.0,16.0,0.0,0.0,,Supported,The request is supported by positive late/overdue supply evidence and asks for supplier confirmation or cross-order review rather than claiming an outcome.,Codex (AI-assisted review),2026-09-30
phase7-e70d8622132d|M01|SOA0090032|10|2,phase7-e70d8622132d,M01,M01|SOA0090032|10,2,Escalate to production planning,Submit the verified production-planning exceptions for human planning review.,"[{""exception_id"": ""EX-PLAN-128129A50BB951"", ""field"": ""Planned_End_Date"", ""unit"": null, ""value"": ""2026-10-18""}]",Medium,0.0,16.0,0.0,0.0,,Supported,The advisory escalation cites a verified planning exception and requests human production-planning review only.,Codex (AI-assisted review),2026-09-30
phase7-e70d8622132d|M01|SOA0090038|10|1,phase7-e70d8622132d,M01,M01|SOA0090038|10,1,Request missing data,Request the missing information needed for human review of the verified supply exceptions.,"[{""exception_id"": ""EX-LATE-0B5FF77A7B3E31"", ""field"": ""Late_Incoming_Quantity"", ""unit"": ""EA"", ""value"": 36.0}, {""exception_id"": ""EX-LATE-0D5C036E038294"", ""field"": ""Late_Incoming_Quantity"", ""unit"": ""EA"", ""value"": 23.0}, {""exception_id"": ""EX-LATE-1AB2F786B93BFC"", ""field"": ""Late_Incoming_Quantity"", ""unit"": ""EA"", ""value"": 12.0}, {""exception_id"": ""EX-LATE-7CAC0F28E55004"", ""field"": ""Late_Incoming_Quantity"", ""unit"": ""EA"", ""value"": 24.0}]",Low,0.0,0.0,36.0,0.0,,Supported,The request is supported by positive late/overdue supply evidence and asks for supplier confirmation or cross-order review rather than claiming an outcome.,Codex (AI-assisted review),2026-09-30
phase7-e70d8622132d|M02|SOA0100001|10|1,phase7-e70d8622132d,M02,M02|SOA0100001|10,1,Escalate to procurement,Submit the verified material-shortage exceptions for human procurement review.,"[{""exception_id"": ""EX-MATE-D6B60C8A6C4EF4"", ""field"": ""Shortage_Quantity"", ""unit"": ""EA"", ""value"": 3.0}]",Critical,3.0,0.0,31.0,0.0,,Supported,The advisory procurement escalation cites positive deterministic shortage evidence and requests human investigation only.,Codex (AI-assisted review),2026-09-30
phase7-e70d8622132d|M02|SOA0100001|10|2,phase7-e70d8622132d,M02,M02|SOA0100001|10,2,Request missing data,Request the missing information needed for human review of the verified supply exceptions.,"[{""exception_id"": ""EX-LATE-6D48BBD6E36EDB"", ""field"": ""Late_Incoming_Quantity"", ""unit"": ""EA"", ""value"": 31.0}]",Critical,3.0,0.0,31.0,0.0,,Supported,The request is supported by positive late/overdue supply evidence and asks for supplier confirmation or cross-order review rather than claiming an outcome.,Codex (AI-assisted review),2026-09-30
phase7-e70d8622132d|M02|SOA0100001|10|3,phase7-e70d8622132d,M02,M02|SOA0100001|10,3,Escalate to production planning,Submit the verified production-planning exceptions for human planning review.,"[{""exception_id"": ""EX-PROD-276AE2425CAEB9"", ""field"": ""Planned_End_Date"", ""unit"": null, ""value"": ""2026-09-24""}]",Critical,3.0,0.0,31.0,0.0,,Supported,The advisory escalation cites a verified planning exception and requests human production-planning review only.,Codex (AI-assisted review),2026-09-30
phase7-e70d8622132d|M02|SOA0100035|10|1,phase7-e70d8622132d,M02,M02|SOA0100035|10,1,Escalate to procurement,Submit the verified material-shortage exceptions for human procurement review.,"[{""exception_id"": ""EX-MATE-2214B08F0C9F18"", ""field"": ""Shortage_Quantity"", ""unit"": ""EA"", ""value"": 21.0}]",Medium,21.0,0.0,16.0,0.0,,Supported,The advisory procurement escalation cites positive deterministic shortage evidence and requests human investigation only.,Codex (AI-assisted review),2026-09-30
phase7-e70d8622132d|M02|SOA0100035|10|2,phase7-e70d8622132d,M02,M02|SOA0100035|10,2,Request missing data,Request the missing information needed for human review of the verified supply exceptions.,"[{""exception_id"": ""EX-LATE-366AC8FC9A1DFA"", ""field"": ""Late_Incoming_Quantity"", ""unit"": ""EA"", ""value"": 16.0}, {""exception_id"": ""EX-OVER-F869E3173CF934"", ""field"": ""Overdue_Incoming_Quantity"", ""unit"": ""EA"", ""value"": 17.0}]",Medium,21.0,0.0,16.0,0.0,,Supported,The request is supported by positive late/overdue supply evidence and asks for supplier confirmation or cross-order review rather than claiming an outcome.,Codex (AI-assisted review),2026-09-30
phase7-e70d8622132d|M02|SOA0100035|10|3,phase7-e70d8622132d,M02,M02|SOA0100035|10,3,Escalate to production planning,Submit the verified production-planning exceptions for human planning review.,"[{""exception_id"": ""EX-PLAN-69DF1A6FEF6186"", ""field"": ""Planned_End_Date"", ""unit"": null, ""value"": ""2026-10-10""}]",Medium,21.0,0.0,16.0,0.0,,Supported,The advisory escalation cites a verified planning exception and requests human production-planning review only.,Codex (AI-assisted review),2026-09-30
phase7-e70d8622132d|M02|SOA0100057|10|1,phase7-e70d8622132d,M02,M02|SOA0100057|10,1,Escalate to production planning,Submit the verified production-planning exceptions for human planning review.,"[{""exception_id"": ""EX-UNSC-7326BEF1A09002"", ""field"": ""Analysis_Date"", ""unit"": null, ""value"": ""2026-09-25""}]",High,0.0,,,,,Supported,The advisory escalation cites a verified planning exception and requests human production-planning review only.,Codex (AI-assisted review),2026-09-30
phase7-e70d8622132d|M02|SOA0100063|10|1,phase7-e70d8622132d,M02,M02|SOA0100063|10,1,Escalate to production planning,Submit the verified production-planning exceptions for human planning review.,"[{""exception_id"": ""EX-UNSC-2ACA2EEDDBFB9B"", ""field"": ""Analysis_Date"", ""unit"": null, ""value"": ""2026-09-25""}]",Medium,0.0,,,,,Supported,The advisory escalation cites a verified planning exception and requests human production-planning review only.,Codex (AI-assisted review),2026-09-30
phase7-e70d8622132d|M03|SOA0110001|10|1,phase7-e70d8622132d,M03,M03|SOA0110001|10,1,Request missing data,Request the missing information needed for human review of the verified supply exceptions.,"[{""exception_id"": ""EX-LATE-A0C71EC5CB6FAF"", ""field"": ""Late_Incoming_Quantity"", ""unit"": ""EA"", ""value"": 26.0}, {""exception_id"": ""EX-LATE-B73EC78372572D"", ""field"": ""Late_Incoming_Quantity"", ""unit"": ""EA"", ""value"": 37.0}, {""exception_id"": ""EX-LATE-BE0E527EF11D9E"", ""field"": ""Late_Incoming_Quantity"", ""unit"": ""EA"", ""value"": 38.0}, {""exception_id"": ""EX-LATE-DA3C03AF96621C"", ""field"": ""Late_Incoming_Quantity"", ""unit"": ""EA"", ""value"": 26.0}]",Critical,0.0,0.0,0.0,0.0,,Supported,The request is supported by positive late/overdue supply evidence and asks for supplier confirmation or cross-order review rather than claiming an outcome.,Codex (AI-assisted review),2026-09-30
phase7-e70d8622132d|M03|SOA0110001|10|2,phase7-e70d8622132d,M03,M03|SOA0110001|10,2,Escalate to production planning,Submit the verified production-planning exceptions for human planning review.,"[{""exception_id"": ""EX-PROD-F717F0593B8E68"", ""field"": ""Planned_End_Date"", ""unit"": null, ""value"": ""2026-09-24""}]",Critical,0.0,0.0,0.0,0.0,,Supported,The advisory escalation cites a verified planning exception and requests human production-planning review only.,Codex (AI-assisted review),2026-09-30
phase7-e70d8622132d|M03|SOA0110013|10|1,phase7-e70d8622132d,M03,M03|SOA0110013|10,1,Request missing data,Request the missing information needed for human review of the verified supply exceptions.,"[{""exception_id"": ""EX-LATE-0683D2D94A1758"", ""field"": ""Late_Incoming_Quantity"", ""unit"": ""EA"", ""value"": 10.0}, {""exception_id"": ""EX-LATE-C3932E2962912A"", ""field"": ""Late_Incoming_Quantity"", ""unit"": ""EA"", ""value"": 37.0}]",Low,0.0,0.0,0.0,0.0,,Supported,The request is supported by positive late/overdue supply evidence and asks for supplier confirmation or cross-order review rather than claiming an outcome.,Codex (AI-assisted review),2026-09-30
phase7-e70d8622132d|M03|SOA0110013|10|2,phase7-e70d8622132d,M03,M03|SOA0110013|10,2,Escalate to production planning,Submit the verified production-planning exceptions for human planning review.,"[{""exception_id"": ""EX-ZERO-C1E47908E45AD5"", ""field"": ""Planned_End_Date"", ""unit"": null, ""value"": ""2026-10-21""}]",Low,0.0,0.0,0.0,0.0,,Supported,The advisory escalation cites a verified planning exception and requests human production-planning review only.,Codex (AI-assisted review),2026-09-30
phase7-e70d8622132d|M03|SOA0110017|10|1,phase7-e70d8622132d,M03,M03|SOA0110017|10,1,Request missing data,Request the missing information needed for human review of the verified supply exceptions.,"[{""exception_id"": ""EX-LATE-F7963ABDA74B88"", ""field"": ""Late_Incoming_Quantity"", ""unit"": ""EA"", ""value"": 34.0}, {""exception_id"": ""EX-OVER-F5ED1C70ECF9D0"", ""field"": ""Overdue_Incoming_Quantity"", ""unit"": ""EA"", ""value"": 18.0}]",High,0.0,0.0,0.0,0.0,,Supported,The request is supported by positive late/overdue supply evidence and asks for supplier confirmation or cross-order review rather than claiming an outcome.,Codex (AI-assisted review),2026-09-30
phase7-e70d8622132d|M03|SOA0110017|10|2,phase7-e70d8622132d,M03,M03|SOA0110017|10,2,Escalate to production planning,Submit the verified production-planning exceptions for human planning review.,"[{""exception_id"": ""EX-PLAN-CF63505E845167"", ""field"": ""Planned_End_Date"", ""unit"": null, ""value"": ""2026-10-17""}]",High,0.0,0.0,0.0,0.0,,Supported,The advisory escalation cites a verified planning exception and requests human production-planning review only.,Codex (AI-assisted review),2026-09-30
phase7-e70d8622132d|M03|SOA0110029|10|1,phase7-e70d8622132d,M03,M03|SOA0110029|10,1,Request missing data,Request the missing information needed for human review of the verified supply exceptions.,"[{""exception_id"": ""EX-OVER-08A4CAAC3670DE"", ""field"": ""Overdue_Incoming_Quantity"", ""unit"": ""EA"", ""value"": 18.0}]",Low,0.0,0.0,0.0,18.0,,Supported,The request is supported by positive late/overdue supply evidence and asks for supplier confirmation or cross-order review rather than claiming an outcome.,Codex (AI-assisted review),2026-09-30
phase7-e70d8622132d|M04|SOA0120001|10|1,phase7-e70d8622132d,M04,M04|SOA0120001|10,1,Request missing data,Request the missing information needed for human review of the verified supply exceptions.,"[{""exception_id"": ""EX-LATE-6EBEC1E5F085F4"", ""field"": ""Late_Incoming_Quantity"", ""unit"": ""EA"", ""value"": 14.0}, {""exception_id"": ""EX-LATE-C640F97A60A99F"", ""field"": ""Late_Incoming_Quantity"", ""unit"": ""EA"", ""value"": 22.0}]",Critical,0.0,0.0,0.0,0.0,,Supported,The request is supported by positive late/overdue supply evidence and asks for supplier confirmation or cross-order review rather than claiming an outcome.,Codex (AI-assisted review),2026-09-30
phase7-e70d8622132d|M04|SOA0120001|10|2,phase7-e70d8622132d,M04,M04|SOA0120001|10,2,Escalate to production planning,Submit the verified production-planning exceptions for human planning review.,"[{""exception_id"": ""EX-PROD-05CEAA3D2AB5B4"", ""field"": ""Planned_End_Date"", ""unit"": null, ""value"": ""2026-09-24""}]",Critical,0.0,0.0,0.0,0.0,,Supported,The advisory escalation cites a verified planning exception and requests human production-planning review only.,Codex (AI-assisted review),2026-09-30
phase7-e70d8622132d|M04|SOA0120024|10|1,phase7-e70d8622132d,M04,M04|SOA0120024|10,1,Request missing data,Request the missing information needed for human review of the verified supply exceptions.,"[{""exception_id"": ""EX-LATE-DA0B04BF146043"", ""field"": ""Late_Incoming_Quantity"", ""unit"": ""EA"", ""value"": 9.0}]",High,0.0,0.0,9.0,0.0,,Supported,The request is supported by positive late/overdue supply evidence and asks for supplier confirmation or cross-order review rather than claiming an outcome.,Codex (AI-assisted review),2026-09-30
phase7-e70d8622132d|M04|SOA0120024|10|2,phase7-e70d8622132d,M04,M04|SOA0120024|10,2,Escalate to production planning,Submit the verified production-planning exceptions for human planning review.,"[{""exception_id"": ""EX-PLAN-BDBE6ADDDF2CCB"", ""field"": ""Planned_End_Date"", ""unit"": null, ""value"": ""2026-10-05""}]",High,0.0,0.0,9.0,0.0,,Supported,The advisory escalation cites a verified planning exception and requests human production-planning review only.,Codex (AI-assisted review),2026-09-30
phase7-e70d8622132d|M04|SOA0120043|10|1,phase7-e70d8622132d,M04,M04|SOA0120043|10,1,Request missing data,Request the missing information needed for human review of the verified supply exceptions.,"[{""exception_id"": ""EX-LATE-1B51CAC0CCDE99"", ""field"": ""Late_Incoming_Quantity"", ""unit"": ""EA"", ""value"": 40.0}, {""exception_id"": ""EX-LATE-582C63F8DCCDC0"", ""field"": ""Late_Incoming_Quantity"", ""unit"": ""EA"", ""value"": 39.0}, {""exception_id"": ""EX-LATE-58BDDF0E1ED142"", ""field"": ""Late_Incoming_Quantity"", ""unit"": ""EA"", ""value"": 41.0}, {""exception_id"": ""EX-LATE-735EADBA560A82"", ""field"": ""Late_Incoming_Quantity"", ""unit"": ""EA"", ""value"": 8.0}]",Low,0.0,0.0,40.0,0.0,,Supported,The request is supported by positive late/overdue supply evidence and asks for supplier confirmation or cross-order review rather than claiming an outcome.,Codex (AI-assisted review),2026-09-30
phase7-e70d8622132d|M04|SOA0120054|10|1,phase7-e70d8622132d,M04,M04|SOA0120054|10,1,Request missing data,Request the missing information needed for human review of the verified supply exceptions.,"[{""exception_id"": ""EX-LATE-12497B4A721091"", ""field"": ""Late_Incoming_Quantity"", ""unit"": ""EA"", ""value"": 16.0}, {""exception_id"": ""EX-LATE-CE360110A7D77C"", ""field"": ""Late_Incoming_Quantity"", ""unit"": ""EA"", ""value"": 24.0}]",Medium,0.0,0.0,24.0,0.0,,Supported,The request is supported by positive late/overdue supply evidence and asks for supplier confirmation or cross-order review rather than claiming an outcome.,Codex (AI-assisted review),2026-09-30
phase7-e70d8622132d|M04|SOA0120054|10|2,phase7-e70d8622132d,M04,M04|SOA0120054|10,2,Escalate to production planning,Submit the verified production-planning exceptions for human planning review.,"[{""exception_id"": ""EX-PLAN-AB1A8860F98109"", ""field"": ""Planned_End_Date"", ""unit"": null, ""value"": ""2026-10-11""}]",Medium,0.0,0.0,24.0,0.0,,Supported,The advisory escalation cites a verified planning exception and requests human production-planning review only.,Codex (AI-assisted review),2026-09-30
phase7-e70d8622132d|M05|SOA0130026|10|1,phase7-e70d8622132d,M05,M05|SOA0130026|10,1,Request missing data,Request the missing information needed for human review of the verified supply exceptions.,"[{""exception_id"": ""EX-OVER-FA0BB1B45713A7"", ""field"": ""Overdue_Incoming_Quantity"", ""unit"": ""EA"", ""value"": 19.0}]",Low,0.0,0.0,0.0,19.0,,Supported,The request is supported by positive late/overdue supply evidence and asks for supplier confirmation or cross-order review rather than claiming an outcome.,Codex (AI-assisted review),2026-09-30
phase7-e70d8622132d|M05|SOA0130041|10|1,phase7-e70d8622132d,M05,M05|SOA0130041|10,1,Escalate to production planning,Submit the verified production-planning exceptions for human planning review.,"[{""exception_id"": ""EX-PLAN-B7D8A9041F589E"", ""field"": ""Planned_End_Date"", ""unit"": null, ""value"": ""2026-10-19""}]",Medium,0.0,0.0,0.0,0.0,,Supported,The advisory escalation cites a verified planning exception and requests human production-planning review only.,Codex (AI-assisted review),2026-09-30
phase7-e70d8622132d|M05|SOA0130061|10|1,phase7-e70d8622132d,M05,M05|SOA0130061|10,1,Escalate to procurement,Submit the verified material-shortage exceptions for human procurement review.,"[{""exception_id"": ""EX-MATE-0237ADA0CCF2F8"", ""field"": ""Shortage_Quantity"", ""unit"": ""EA"", ""value"": 4.0}]",Critical,4.0,0.0,22.0,0.0,,Supported,The advisory procurement escalation cites positive deterministic shortage evidence and requests human investigation only.,Codex (AI-assisted review),2026-09-30
phase7-e70d8622132d|M05|SOA0130061|10|2,phase7-e70d8622132d,M05,M05|SOA0130061|10,2,Request missing data,Request the missing information needed for human review of the verified supply exceptions.,"[{""exception_id"": ""EX-LATE-D7BD6989C1C421"", ""field"": ""Late_Incoming_Quantity"", ""unit"": ""EA"", ""value"": 22.0}, {""exception_id"": ""EX-LATE-07B6233DD85917"", ""field"": ""Late_Incoming_Quantity"", ""unit"": ""EA"", ""value"": 31.0}, {""exception_id"": ""EX-LATE-2C4CA4927EEF42"", ""field"": ""Late_Incoming_Quantity"", ""unit"": ""EA"", ""value"": 32.0}, {""exception_id"": ""EX-LATE-58EE2492567DA1"", ""field"": ""Late_Incoming_Quantity"", ""unit"": ""EA"", ""value"": 37.0}]",Critical,4.0,0.0,22.0,0.0,,Supported,The request is supported by positive late/overdue supply evidence and asks for supplier confirmation or cross-order review rather than claiming an outcome.,Codex (AI-assisted review),2026-09-30
phase7-e70d8622132d|M05|SOA0130065|10|1,phase7-e70d8622132d,M05,M05|SOA0130065|10,1,Escalate to production planning,Submit the verified production-planning exceptions for human planning review.,"[{""exception_id"": ""EX-UNSC-6579A03690A39B"", ""field"": ""Analysis_Date"", ""unit"": null, ""value"": ""2026-09-25""}]",Medium,0.0,,,,,Supported,The advisory escalation cites a verified planning exception and requests human production-planning review only.,Codex (AI-assisted review),2026-09-30
phase7-e70d8622132d|M06|SOA0140016|10|1,phase7-e70d8622132d,M06,M06|SOA0140016|10,1,Request missing data,Request the missing information needed for human review of the verified supply exceptions.,"[{""exception_id"": ""EX-LATE-55260901ECF02B"", ""field"": ""Late_Incoming_Quantity"", ""unit"": ""EA"", ""value"": 16.0}, {""exception_id"": ""EX-OVER-63C309C5457765"", ""field"": ""Overdue_Incoming_Quantity"", ""unit"": ""EA"", ""value"": 17.0}]",High,0.0,12.0,0.0,0.0,,Supported,The request is supported by positive late/overdue supply evidence and asks for supplier confirmation or cross-order review rather than claiming an outcome.,Codex (AI-assisted review),2026-09-30
phase7-e70d8622132d|M06|SOA0140016|10|2,phase7-e70d8622132d,M06,M06|SOA0140016|10,2,Escalate to production planning,Submit the verified production-planning exceptions for human planning review.,"[{""exception_id"": ""EX-PLAN-C21B5F4687FDFC"", ""field"": ""Planned_End_Date"", ""unit"": null, ""value"": ""2026-10-15""}]",High,0.0,12.0,0.0,0.0,,Supported,The advisory escalation cites a verified planning exception and requests human production-planning review only.,Codex (AI-assisted review),2026-09-30
phase7-e70d8622132d|M06|SOA0140029|10|1,phase7-e70d8622132d,M06,M06|SOA0140029|10,1,Escalate to procurement,Submit the verified material-shortage exceptions for human procurement review.,"[{""exception_id"": ""EX-MATE-589E596AA6DB9C"", ""field"": ""Shortage_Quantity"", ""unit"": ""EA"", ""value"": 1.0}]",Medium,1.0,0.0,0.0,0.0,,Supported,The advisory procurement escalation cites positive deterministic shortage evidence and requests human investigation only.,Codex (AI-assisted review),2026-09-30
phase7-e70d8622132d|M06|SOA0140029|10|2,phase7-e70d8622132d,M06,M06|SOA0140029|10,2,Request missing data,Request the missing information needed for human review of the verified supply exceptions.,"[{""exception_id"": ""EX-LATE-7C53A53558995B"", ""field"": ""Late_Incoming_Quantity"", ""unit"": ""EA"", ""value"": 19.0}]",Medium,1.0,0.0,0.0,0.0,,Supported,The request is supported by positive late/overdue supply evidence and asks for supplier confirmation or cross-order review rather than claiming an outcome.,Codex (AI-assisted review),2026-09-30
phase7-e70d8622132d|M06|SOA0140058|10|1,phase7-e70d8622132d,M06,M06|SOA0140058|10,1,Request missing data,Request the missing information needed for human review of the verified supply exceptions.,"[{""exception_id"": ""EX-LATE-3FEE87095FD77B"", ""field"": ""Late_Incoming_Quantity"", ""unit"": ""EA"", ""value"": 23.0}]",Low,0.0,0.0,23.0,0.0,,Supported,The request is supported by positive late/overdue supply evidence and asks for supplier confirmation or cross-order review rather than claiming an outcome.,Codex (AI-assisted review),2026-09-30
phase7-e70d8622132d|M06|SOA0140070|10|1,phase7-e70d8622132d,M06,M06|SOA0140070|10,1,Escalate to production planning,Submit the verified production-planning exceptions for human planning review.,"[{""exception_id"": ""EX-UNSC-0961915DD5E185"", ""field"": ""Analysis_Date"", ""unit"": null, ""value"": ""2026-09-25""}]",Medium,0.0,,,,,Supported,The advisory escalation cites a verified planning exception and requests human production-planning review only.,Codex (AI-assisted review),2026-09-30
phase7-e70d8622132d|M07|SOA0150027|10|1,phase7-e70d8622132d,M07,M07|SOA0150027|10,1,Escalate to procurement,Submit the verified material-shortage exceptions for human procurement review.,"[{""exception_id"": ""EX-MATE-E985ED61A23660"", ""field"": ""Shortage_Quantity"", ""unit"": ""EA"", ""value"": 1.0}]",Critical,1.0,0.0,0.0,0.0,,Supported,The advisory procurement escalation cites positive deterministic shortage evidence and requests human investigation only.,Codex (AI-assisted review),2026-09-30
phase7-e70d8622132d|M07|SOA0150027|10|2,phase7-e70d8622132d,M07,M07|SOA0150027|10,2,Request missing data,Request the missing information needed for human review of the verified supply exceptions.,"[{""exception_id"": ""EX-LATE-4DB83B184D756D"", ""field"": ""Late_Incoming_Quantity"", ""unit"": ""EA"", ""value"": 9.0}, {""exception_id"": ""EX-LATE-58730A0D5B10F6"", ""field"": ""Late_Incoming_Quantity"", ""unit"": ""EA"", ""value"": 40.0}]",Critical,1.0,0.0,0.0,0.0,,Supported,The request is supported by positive late/overdue supply evidence and asks for supplier confirmation or cross-order review rather than claiming an outcome.,Codex (AI-assisted review),2026-09-30
phase7-e70d8622132d|M07|SOA0150036|10|1,phase7-e70d8622132d,M07,M07|SOA0150036|10,1,Escalate to procurement,Submit the verified material-shortage exceptions for human procurement review.,"[{""exception_id"": ""EX-MATE-E2ACC2621F0956"", ""field"": ""Shortage_Quantity"", ""unit"": ""EA"", ""value"": 2.0}]",Medium,2.0,0.0,13.0,0.0,,Supported,The advisory procurement escalation cites positive deterministic shortage evidence and requests human investigation only.,Codex (AI-assisted review),2026-09-30
phase7-e70d8622132d|M07|SOA0150036|10|2,phase7-e70d8622132d,M07,M07|SOA0150036|10,2,Request missing data,Request the missing information needed for human review of the verified supply exceptions.,"[{""exception_id"": ""EX-LATE-BE214B910C40CA"", ""field"": ""Late_Incoming_Quantity"", ""unit"": ""EA"", ""value"": 13.0}, {""exception_id"": ""EX-OVER-A17ABC93A47014"", ""field"": ""Overdue_Incoming_Quantity"", ""unit"": ""EA"", ""value"": 17.0}]",Medium,2.0,0.0,13.0,0.0,,Supported,The request is supported by positive late/overdue supply evidence and asks for supplier confirmation or cross-order review rather than claiming an outcome.,Codex (AI-assisted review),2026-09-30
phase7-e70d8622132d|M07|SOA0150036|10|3,phase7-e70d8622132d,M07,M07|SOA0150036|10,3,Escalate to production planning,Submit the verified production-planning exceptions for human planning review.,"[{""exception_id"": ""EX-PLAN-678B724C978C40"", ""field"": ""Planned_End_Date"", ""unit"": null, ""value"": ""2026-10-20""}]",Medium,2.0,0.0,13.0,0.0,,Supported,The advisory escalation cites a verified planning exception and requests human production-planning review only.,Codex (AI-assisted review),2026-09-30
phase7-e70d8622132d|M07|SOA0150052|10|1,phase7-e70d8622132d,M07,M07|SOA0150052|10,1,Escalate to procurement,Submit the verified material-shortage exceptions for human procurement review.,"[{""exception_id"": ""EX-MATE-9EFE240B23F3F8"", ""field"": ""Shortage_Quantity"", ""unit"": ""EA"", ""value"": 6.0}]",High,6.0,0.0,0.0,0.0,,Supported,The advisory procurement escalation cites positive deterministic shortage evidence and requests human investigation only.,Codex (AI-assisted review),2026-09-30
phase7-e70d8622132d|M07|SOA0150052|10|2,phase7-e70d8622132d,M07,M07|SOA0150052|10,2,Request missing data,Request the missing information needed for human review of the verified supply exceptions.,"[{""exception_id"": ""EX-LATE-68790C9E29E650"", ""field"": ""Late_Incoming_Quantity"", ""unit"": ""EA"", ""value"": 40.0}, {""exception_id"": ""EX-LATE-98E38C880A1363"", ""field"": ""Late_Incoming_Quantity"", ""unit"": ""EA"", ""value"": 9.0}]",High,6.0,0.0,0.0,0.0,,Supported,The request is supported by positive late/overdue supply evidence and asks for supplier confirmation or cross-order review rather than claiming an outcome.,Codex (AI-assisted review),2026-09-30
phase7-e70d8622132d|M07|SOA0150052|10|3,phase7-e70d8622132d,M07,M07|SOA0150052|10,3,Escalate to production planning,Submit the verified production-planning exceptions for human planning review.,"[{""exception_id"": ""EX-ZERO-809796FCE147F4"", ""field"": ""Planned_End_Date"", ""unit"": null, ""value"": ""2026-10-04""}]",High,6.0,0.0,0.0,0.0,,Supported,The advisory escalation cites a verified planning exception and requests human production-planning review only.,Codex (AI-assisted review),2026-09-30
phase7-e70d8622132d|M07|SOA0150054|10|1,phase7-e70d8622132d,M07,M07|SOA0150054|10,1,Request missing data,Request the missing information needed for human review of the verified supply exceptions.,"[{""exception_id"": ""EX-LATE-20274D983E3235"", ""field"": ""Late_Incoming_Quantity"", ""unit"": ""EA"", ""value"": 24.0}, {""exception_id"": ""EX-LATE-34FA226F09B4DE"", ""field"": ""Late_Incoming_Quantity"", ""unit"": ""EA"", ""value"": 25.0}, {""exception_id"": ""EX-LATE-42FB8235EDC3EB"", ""field"": ""Late_Incoming_Quantity"", ""unit"": ""EA"", ""value"": 10.0}, {""exception_id"": ""EX-LATE-B404201C76CA0A"", ""field"": ""Late_Incoming_Quantity"", ""unit"": ""EA"", ""value"": 6.0}]",Medium,0.0,11.0,0.0,0.0,,Supported,The request is supported by positive late/overdue supply evidence and asks for supplier confirmation or cross-order review rather than claiming an outcome.,Codex (AI-assisted review),2026-09-30
phase7-e70d8622132d|M07|SOA0150054|10|2,phase7-e70d8622132d,M07,M07|SOA0150054|10,2,Escalate to production planning,Submit the verified production-planning exceptions for human planning review.,"[{""exception_id"": ""EX-PLAN-40F6079BF3DDB3"", ""field"": ""Planned_End_Date"", ""unit"": null, ""value"": ""2026-10-14""}]",Medium,0.0,11.0,0.0,0.0,,Supported,The advisory escalation cites a verified planning exception and requests human production-planning review only.,Codex (AI-assisted review),2026-09-30
phase7-e70d8622132d|M08|SOA0170018|10|1,phase7-e70d8622132d,M08,M08|SOA0170018|10,1,Request missing data,Request the missing information needed for human review of the verified supply exceptions.,"[{""exception_id"": ""EX-LATE-306B09CBFE40D0"", ""field"": ""Late_Incoming_Quantity"", ""unit"": ""EA"", ""value"": 39.0}, {""exception_id"": ""EX-LATE-F4C1BF9BA82BFE"", ""field"": ""Late_Incoming_Quantity"", ""unit"": ""EA"", ""value"": 31.0}]",High,0.0,0.0,39.0,0.0,,Supported,The request is supported by positive late/overdue supply evidence and asks for supplier confirmation or cross-order review rather than claiming an outcome.,Codex (AI-assisted review),2026-09-30
phase7-e70d8622132d|M08|SOA0170018|10|2,phase7-e70d8622132d,M08,M08|SOA0170018|10,2,Escalate to production planning,Submit the verified production-planning exceptions for human planning review.,"[{""exception_id"": ""EX-PLAN-42A16F767968D8"", ""field"": ""Planned_End_Date"", ""unit"": null, ""value"": ""2026-10-04""}]",High,0.0,0.0,39.0,0.0,,Supported,The advisory escalation cites a verified planning exception and requests human production-planning review only.,Codex (AI-assisted review),2026-09-30
phase7-e70d8622132d|M08|SOA0170037|10|1,phase7-e70d8622132d,M08,M08|SOA0170037|10,1,Escalate to procurement,Submit the verified material-shortage exceptions for human procurement review.,"[{""exception_id"": ""EX-MATE-722D6B626064B8"", ""field"": ""Shortage_Quantity"", ""unit"": ""EA"", ""value"": 4.0}]",High,4.0,0.0,0.0,0.0,,Supported,The advisory procurement escalation cites positive deterministic shortage evidence and requests human investigation only.,Codex (AI-assisted review),2026-09-30
phase7-e70d8622132d|M08|SOA0170037|10|2,phase7-e70d8622132d,M08,M08|SOA0170037|10,2,Request missing data,Request the missing information needed for human review of the verified supply exceptions.,"[{""exception_id"": ""EX-LATE-4DF718CE9C11DF"", ""field"": ""Late_Incoming_Quantity"", ""unit"": ""EA"", ""value"": 18.0}, {""exception_id"": ""EX-LATE-9FD326205AC5E9"", ""field"": ""Late_Incoming_Quantity"", ""unit"": ""EA"", ""value"": 15.0}, {""exception_id"": ""EX-OVER-36AB9ADD36D7EF"", ""field"": ""Overdue_Incoming_Quantity"", ""unit"": ""EA"", ""value"": 19.0}]",High,4.0,0.0,0.0,0.0,,Supported,The request is supported by positive late/overdue supply evidence and asks for supplier confirmation or cross-order review rather than claiming an outcome.,Codex (AI-assisted review),2026-09-30
phase7-e70d8622132d|M08|SOA0170053|10|1,phase7-e70d8622132d,M08,M08|SOA0170053|10,1,Escalate to procurement,Submit the verified material-shortage exceptions for human procurement review.,"[{""exception_id"": ""EX-MATE-00129DECF57E09"", ""field"": ""Shortage_Quantity"", ""unit"": ""EA"", ""value"": 4.0}, {""exception_id"": ""EX-MATE-33673CC2D6ABA8"", ""field"": ""Shortage_Quantity"", ""unit"": ""EA"", ""value"": 4.0}, {""exception_id"": ""EX-MATE-9211E453F25E42"", ""field"": ""Shortage_Quantity"", ""unit"": ""EA"", ""value"": 8.0}, {""exception_id"": ""EX-MATE-A2A53C5409057F"", ""field"": ""Shortage_Quantity"", ""unit"": ""EA"", ""value"": 8.0}, {""exception_id"": ""EX-MATE-B16CCEBDB65E8C"", ""field"": ""Shortage_Quantity"", ""unit"": ""EA"", ""value"": 4.0}, {""exception_id"": ""EX-MATE-CD4D8E88830FC9"", ""field"": ""Shortage_Quantity"", ""unit"": ""EA"", ""value"": 12.0}, {""exception_id"": ""EX-MATE-E8BF906AE9A20C"", ""field"": ""Shortage_Quantity"", ""unit"": ""EA"", ""value"": 12.0}]",Medium,4.0,0.0,27.0,0.0,,Supported,The advisory procurement escalation cites positive deterministic shortage evidence and requests human investigation only.,Codex (AI-assisted review),2026-09-30
phase7-e70d8622132d|M08|SOA0170053|10|2,phase7-e70d8622132d,M08,M08|SOA0170053|10,2,Request missing data,Request the missing information needed for human review of the verified supply exceptions.,"[{""exception_id"": ""EX-LATE-2708F58A6DE11B"", ""field"": ""Late_Incoming_Quantity"", ""unit"": ""EA"", ""value"": 28.0}]",Medium,4.0,0.0,27.0,0.0,,Supported,The request is supported by positive late/overdue supply evidence and asks for supplier confirmation or cross-order review rather than claiming an outcome.,Codex (AI-assisted review),2026-09-30
phase7-e70d8622132d|M08|SOA0170089|10|1,phase7-e70d8622132d,M08,M08|SOA0170089|10,1,Escalate to production planning,Submit the verified production-planning exceptions for human planning review.,"[{""exception_id"": ""EX-UNSC-6D2CCC5F3D085B"", ""field"": ""Analysis_Date"", ""unit"": null, ""value"": ""2026-09-25""}]",High,0.0,,,,,Supported,The advisory escalation cites a verified planning exception and requests human production-planning review only.,Codex (AI-assisted review),2026-09-30
phase7-e70d8622132d|S01|SOA0000007|10|1,phase7-e70d8622132d,S01,S01|SOA0000007|10,1,Request missing data,Request the missing information needed for human review of the verified supply exceptions.,"[{""exception_id"": ""EX-LATE-9C22C14241B564"", ""field"": ""Late_Incoming_Quantity"", ""unit"": ""EA"", ""value"": 16.0}]",Low,0.0,0.0,16.0,0.0,,Supported,The request is supported by positive late/overdue supply evidence and asks for supplier confirmation or cross-order review rather than claiming an outcome.,Codex (AI-assisted review),2026-09-30
phase7-e70d8622132d|S01|SOA0000008|10|1,phase7-e70d8622132d,S01,S01|SOA0000008|10,1,Request missing data,Request the missing information needed for human review of the verified supply exceptions.,"[{""exception_id"": ""EX-LATE-FB957EEDF03C1E"", ""field"": ""Late_Incoming_Quantity"", ""unit"": ""EA"", ""value"": 18.0}]",Medium,0.0,0.0,0.0,0.0,,Supported,The request is supported by positive late/overdue supply evidence and asks for supplier confirmation or cross-order review rather than claiming an outcome.,Codex (AI-assisted review),2026-09-30
phase7-e70d8622132d|S01|SOA0000008|10|2,phase7-e70d8622132d,S01,S01|SOA0000008|10,2,Escalate to production planning,Submit the verified production-planning exceptions for human planning review.,"[{""exception_id"": ""EX-PLAN-87D788C7AAF0A6"", ""field"": ""Planned_End_Date"", ""unit"": null, ""value"": ""2026-10-09""}]",Medium,0.0,0.0,0.0,0.0,,Supported,The advisory escalation cites a verified planning exception and requests human production-planning review only.,Codex (AI-assisted review),2026-09-30
phase7-e70d8622132d|S01|SOA0000009|10|1,phase7-e70d8622132d,S01,S01|SOA0000009|10,1,Escalate to procurement,Submit the verified material-shortage exceptions for human procurement review.,"[{""exception_id"": ""EX-MATE-41143DF9B7CDB0"", ""field"": ""Shortage_Quantity"", ""unit"": ""EA"", ""value"": 6.0}]",Medium,6.0,0.0,0.0,0.0,,Supported,The advisory procurement escalation cites positive deterministic shortage evidence and requests human investigation only.,Codex (AI-assisted review),2026-09-30
phase7-e70d8622132d|S01|SOA0000009|10|2,phase7-e70d8622132d,S01,S01|SOA0000009|10,2,Request missing data,Request the missing information needed for human review of the verified supply exceptions.,"[{""exception_id"": ""EX-OVER-8646E1EA66A10E"", ""field"": ""Overdue_Incoming_Quantity"", ""unit"": ""EA"", ""value"": 19.0}]",Medium,6.0,0.0,0.0,0.0,,Supported,The request is supported by positive late/overdue supply evidence and asks for supplier confirmation or cross-order review rather than claiming an outcome.,Codex (AI-assisted review),2026-09-30
phase7-e70d8622132d|S01|SOA0000009|10|3,phase7-e70d8622132d,S01,S01|SOA0000009|10,3,Escalate to production planning,Submit the verified production-planning exceptions for human planning review.,"[{""exception_id"": ""EX-PLAN-C93321670E8B9E"", ""field"": ""Planned_End_Date"", ""unit"": null, ""value"": ""2026-10-14""}]",Medium,6.0,0.0,0.0,0.0,,Supported,The advisory escalation cites a verified planning exception and requests human production-planning review only.,Codex (AI-assisted review),2026-09-30
phase7-e70d8622132d|S01|SOA0000013|10|1,phase7-e70d8622132d,S01,S01|SOA0000013|10,1,Escalate to production planning,Submit the verified production-planning exceptions for human planning review.,"[{""exception_id"": ""EX-UNSC-AB3628F9C8F34E"", ""field"": ""Analysis_Date"", ""unit"": null, ""value"": ""2026-09-25""}]",Low,0.0,,,,,Supported,The advisory escalation cites a verified planning exception and requests human production-planning review only.,Codex (AI-assisted review),2026-09-30
phase7-e70d8622132d|S02|SOA0010001|10|1,phase7-e70d8622132d,S02,S02|SOA0010001|10,1,Request missing data,Request the missing information needed for human review of the verified supply exceptions.,"[{""exception_id"": ""EX-LATE-BF53D275053C7A"", ""field"": ""Late_Incoming_Quantity"", ""unit"": ""EA"", ""value"": 26.0}]",Critical,0.0,0.0,0.0,0.0,,Supported,The request is supported by positive late/overdue supply evidence and asks for supplier confirmation or cross-order review rather than claiming an outcome.,Codex (AI-assisted review),2026-09-30
phase7-e70d8622132d|S02|SOA0010001|10|2,phase7-e70d8622132d,S02,S02|SOA0010001|10,2,Escalate to production planning,Submit the verified production-planning exceptions for human planning review.,"[{""exception_id"": ""EX-PROD-61290673E9CD70"", ""field"": ""Planned_End_Date"", ""unit"": null, ""value"": ""2026-09-24""}]",Critical,0.0,0.0,0.0,0.0,,Supported,The advisory escalation cites a verified planning exception and requests human production-planning review only.,Codex (AI-assisted review),2026-09-30
phase7-e70d8622132d|S02|SOA0010002|10|1,phase7-e70d8622132d,S02,S02|SOA0010002|10,1,Escalate to procurement,Submit the verified material-shortage exceptions for human procurement review.,"[{""exception_id"": ""EX-MATE-9D10F1DC822BD5"", ""field"": ""Shortage_Quantity"", ""unit"": ""EA"", ""value"": 4.0}]",High,4.0,0.0,0.0,0.0,,Supported,The advisory procurement escalation cites positive deterministic shortage evidence and requests human investigation only.,Codex (AI-assisted review),2026-09-30
phase7-e70d8622132d|S02|SOA0010002|10|2,phase7-e70d8622132d,S02,S02|SOA0010002|10,2,Request missing data,Request the missing information needed for human review of the verified supply exceptions.,"[{""exception_id"": ""EX-LATE-2443509F5E684A"", ""field"": ""Late_Incoming_Quantity"", ""unit"": ""EA"", ""value"": 37.0}, {""exception_id"": ""EX-LATE-B655A05BCBDAEA"", ""field"": ""Late_Incoming_Quantity"", ""unit"": ""EA"", ""value"": 27.0}]",High,4.0,0.0,0.0,0.0,,Supported,The request is supported by positive late/overdue supply evidence and asks for supplier confirmation or cross-order review rather than claiming an outcome.,Codex (AI-assisted review),2026-09-30
phase7-e70d8622132d|S02|SOA0010005|10|1,phase7-e70d8622132d,S02,S02|SOA0010005|10,1,Request missing data,Request the missing information needed for human review of the verified supply exceptions.,"[{""exception_id"": ""EX-LATE-8486BD68A34EF1"", ""field"": ""Late_Incoming_Quantity"", ""unit"": ""EA"", ""value"": 18.0}, {""exception_id"": ""EX-LATE-97DBD2A651A90E"", ""field"": ""Late_Incoming_Quantity"", ""unit"": ""EA"", ""value"": 28.0}]",Low,0.0,0.0,18.0,0.0,,Supported,The request is supported by positive late/overdue supply evidence and asks for supplier confirmation or cross-order review rather than claiming an outcome.,Codex (AI-assisted review),2026-09-30
phase7-e70d8622132d|S02|SOA0010008|10|1,phase7-e70d8622132d,S02,S02|SOA0010008|10,1,Escalate to production planning,Submit the verified production-planning exceptions for human planning review.,"[{""exception_id"": ""EX-PLAN-C6640454AB6219"", ""field"": ""Planned_End_Date"", ""unit"": null, ""value"": ""2026-10-10""}]",High,0.0,0.0,0.0,0.0,,Supported,The advisory escalation cites a verified planning exception and requests human production-planning review only.,Codex (AI-assisted review),2026-09-30
phase7-e70d8622132d|S03|SOA0020001|10|1,phase7-e70d8622132d,S03,S03|SOA0020001|10,1,Request missing data,Request the missing information needed for human review of the verified supply exceptions.,"[{""exception_id"": ""EX-LATE-E5C12A4A872363"", ""field"": ""Late_Incoming_Quantity"", ""unit"": ""EA"", ""value"": 28.0}]",Critical,0.0,0.0,0.0,0.0,,Supported,The request is supported by positive late/overdue supply evidence and asks for supplier confirmation or cross-order review rather than claiming an outcome.,Codex (AI-assisted review),2026-09-30
phase7-e70d8622132d|S03|SOA0020001|10|2,phase7-e70d8622132d,S03,S03|SOA0020001|10,2,Escalate to production planning,Submit the verified production-planning exceptions for human planning review.,"[{""exception_id"": ""EX-PROD-CFF8FCC2C95648"", ""field"": ""Planned_End_Date"", ""unit"": null, ""value"": ""2026-09-24""}]",Critical,0.0,0.0,0.0,0.0,,Supported,The advisory escalation cites a verified planning exception and requests human production-planning review only.,Codex (AI-assisted review),2026-09-30
phase7-e70d8622132d|S03|SOA0020010|10|1,phase7-e70d8622132d,S03,S03|SOA0020010|10,1,Escalate to procurement,Submit the verified material-shortage exceptions for human procurement review.,"[{""exception_id"": ""EX-MATE-4F9B0746D94BD3"", ""field"": ""Shortage_Quantity"", ""unit"": ""EA"", ""value"": 9.0}, {""exception_id"": ""EX-MATE-E019B9C856CB74"", ""field"": ""Shortage_Quantity"", ""unit"": ""EA"", ""value"": 1.0}]",Medium,9.0,0.0,41.0,0.0,,Supported,The advisory procurement escalation cites positive deterministic shortage evidence and requests human investigation only.,Codex (AI-assisted review),2026-09-30
phase7-e70d8622132d|S03|SOA0020010|10|2,phase7-e70d8622132d,S03,S03|SOA0020010|10,2,Request missing data,Request the missing information needed for human review of the verified supply exceptions.,"[{""exception_id"": ""EX-LATE-B56A2AC5BA9096"", ""field"": ""Late_Incoming_Quantity"", ""unit"": ""EA"", ""value"": 41.0}, {""exception_id"": ""EX-OVER-F0A9E9755A42C2"", ""field"": ""Overdue_Incoming_Quantity"", ""unit"": ""EA"", ""value"": 19.0}]",Medium,9.0,0.0,41.0,0.0,,Supported,The request is supported by positive late/overdue supply evidence and asks for supplier confirmation or cross-order review rather than claiming an outcome.,Codex (AI-assisted review),2026-09-30
phase7-e70d8622132d|S03|SOA0020010|10|3,phase7-e70d8622132d,S03,S03|SOA0020010|10,3,Escalate to production planning,Submit the verified production-planning exceptions for human planning review.,"[{""exception_id"": ""EX-PLAN-FC3EA8712FD45D"", ""field"": ""Planned_End_Date"", ""unit"": null, ""value"": ""2026-10-21""}]",Medium,9.0,0.0,41.0,0.0,,Supported,The advisory escalation cites a verified planning exception and requests human production-planning review only.,Codex (AI-assisted review),2026-09-30
phase7-e70d8622132d|S03|SOA0020011|10|1,phase7-e70d8622132d,S03,S03|SOA0020011|10,1,Escalate to procurement,Submit the verified material-shortage exceptions for human procurement review.,"[{""exception_id"": ""EX-MATE-3171F78F51A532"", ""field"": ""Shortage_Quantity"", ""unit"": ""EA"", ""value"": 6.0}]",High,6.0,0.0,0.0,0.0,,Supported,The advisory procurement escalation cites positive deterministic shortage evidence and requests human investigation only.,Codex (AI-assisted review),2026-09-30
phase7-e70d8622132d|S03|SOA0020011|10|2,phase7-e70d8622132d,S03,S03|SOA0020011|10,2,Request missing data,Request the missing information needed for human review of the verified supply exceptions.,"[{""exception_id"": ""EX-LATE-55918D2AAEF90D"", ""field"": ""Late_Incoming_Quantity"", ""unit"": ""EA"", ""value"": 30.0}]",High,6.0,0.0,0.0,0.0,,Supported,The request is supported by positive late/overdue supply evidence and asks for supplier confirmation or cross-order review rather than claiming an outcome.,Codex (AI-assisted review),2026-09-30
phase7-e70d8622132d|S03|SOA0020015|10|1,phase7-e70d8622132d,S03,S03|SOA0020015|10,1,Escalate to production planning,Submit the verified production-planning exceptions for human planning review.,"[{""exception_id"": ""EX-UNSC-31604CF4941907"", ""field"": ""Analysis_Date"", ""unit"": null, ""value"": ""2026-09-25""}]",Low,0.0,,,,,Supported,The advisory escalation cites a verified planning exception and requests human production-planning review only.,Codex (AI-assisted review),2026-09-30
phase7-e70d8622132d|S04|SOA0030002|10|1,phase7-e70d8622132d,S04,S04|SOA0030002|10,1,Request missing data,Request the missing information needed for human review of the verified supply exceptions.,"[{""exception_id"": ""EX-LATE-6C1A502D17DFAB"", ""field"": ""Late_Incoming_Quantity"", ""unit"": ""EA"", ""value"": 41.0}, {""exception_id"": ""EX-LATE-F37300C5F0C31A"", ""field"": ""Late_Incoming_Quantity"", ""unit"": ""EA"", ""value"": 29.0}, {""exception_id"": ""EX-OVER-E90F629000B61B"", ""field"": ""Overdue_Incoming_Quantity"", ""unit"": ""EA"", ""value"": 19.0}]",High,0.0,0.0,0.0,0.0,,Supported,The request is supported by positive late/overdue supply evidence and asks for supplier confirmation or cross-order review rather than claiming an outcome.,Codex (AI-assisted review),2026-09-30
phase7-e70d8622132d|S04|SOA0030002|10|2,phase7-e70d8622132d,S04,S04|SOA0030002|10,2,Escalate to production planning,Submit the verified production-planning exceptions for human planning review.,"[{""exception_id"": ""EX-PLAN-56D278F9F56B9B"", ""field"": ""Planned_End_Date"", ""unit"": null, ""value"": ""2026-10-06""}]",High,0.0,0.0,0.0,0.0,,Supported,The advisory escalation cites a verified planning exception and requests human production-planning review only.,Codex (AI-assisted review),2026-09-30
phase7-e70d8622132d|S04|SOA0030008|10|1,phase7-e70d8622132d,S04,S04|SOA0030008|10,1,Request missing data,Request the missing information needed for human review of the verified supply exceptions.,"[{""exception_id"": ""EX-LATE-443A5EF2209231"", ""field"": ""Late_Incoming_Quantity"", ""unit"": ""EA"", ""value"": 40.0}, {""exception_id"": ""EX-LATE-85D704B42382E0"", ""field"": ""Late_Incoming_Quantity"", ""unit"": ""EA"", ""value"": 28.0}]",Medium,0.0,16.0,0.0,0.0,,Supported,The request is supported by positive late/overdue supply evidence and asks for supplier confirmation or cross-order review rather than claiming an outcome.,Codex (AI-assisted review),2026-09-30
phase7-e70d8622132d|S04|SOA0030008|10|2,phase7-e70d8622132d,S04,S04|SOA0030008|10,2,Escalate to production planning,Submit the verified production-planning exceptions for human planning review.,"[{""exception_id"": ""EX-PLAN-CABA5EF2FC20C9"", ""field"": ""Planned_End_Date"", ""unit"": null, ""value"": ""2026-10-12""}]",Medium,0.0,16.0,0.0,0.0,,Supported,The advisory escalation cites a verified planning exception and requests human production-planning review only.,Codex (AI-assisted review),2026-09-30
phase7-e70d8622132d|S04|SOA0030012|10|1,phase7-e70d8622132d,S04,S04|SOA0030012|10,1,Request missing data,Request the missing information needed for human review of the verified supply exceptions.,"[{""exception_id"": ""EX-LATE-12F48FF1309F4E"", ""field"": ""Late_Incoming_Quantity"", ""unit"": ""EA"", ""value"": 17.0}, {""exception_id"": ""EX-LATE-92ABA38245145A"", ""field"": ""Late_Incoming_Quantity"", ""unit"": ""EA"", ""value"": 27.0}, {""exception_id"": ""EX-LATE-937B0AB5FAF546"", ""field"": ""Late_Incoming_Quantity"", ""unit"": ""EA"", ""value"": 41.0}]",Low,0.0,0.0,17.0,0.0,,Supported,The request is supported by positive late/overdue supply evidence and asks for supplier confirmation or cross-order review rather than claiming an outcome.,Codex (AI-assisted review),2026-09-30
phase7-e70d8622132d|S04|SOA0030015|10|1,phase7-e70d8622132d,S04,S04|SOA0030015|10,1,Escalate to production planning,Submit the verified production-planning exceptions for human planning review.,"[{""exception_id"": ""EX-UNSC-6B1BFDE0834498"", ""field"": ""Analysis_Date"", ""unit"": null, ""value"": ""2026-09-25""}]",Low,0.0,,,,,Supported,The advisory escalation cites a verified planning exception and requests human production-planning review only.,Codex (AI-assisted review),2026-09-30
phase7-e70d8622132d|S05|SOA0040005|10|1,phase7-e70d8622132d,S05,S05|SOA0040005|10,1,Request missing data,Request the missing information needed for human review of the verified supply exceptions.,"[{""exception_id"": ""EX-LATE-5E42F6C41D6A00"", ""field"": ""Late_Incoming_Quantity"", ""unit"": ""EA"", ""value"": 40.0}, {""exception_id"": ""EX-LATE-672C989F8E3656"", ""field"": ""Late_Incoming_Quantity"", ""unit"": ""EA"", ""value"": 38.0}, {""exception_id"": ""EX-LATE-DB99924EE0A71E"", ""field"": ""Late_Incoming_Quantity"", ""unit"": ""EA"", ""value"": 14.0}]",Low,0.0,0.0,40.0,0.0,,Supported,The request is supported by positive late/overdue supply evidence and asks for supplier confirmation or cross-order review rather than claiming an outcome.,Codex (AI-assisted review),2026-09-30
phase7-e70d8622132d|S05|SOA0040006|10|1,phase7-e70d8622132d,S05,S05|SOA0040006|10,1,Escalate to procurement,Submit the verified material-shortage exceptions for human procurement review.,"[{""exception_id"": ""EX-MATE-1D8212A0405AFC"", ""field"": ""Shortage_Quantity"", ""unit"": ""EA"", ""value"": 12.0}]",High,12.0,0.0,0.0,0.0,,Supported,The advisory procurement escalation cites positive deterministic shortage evidence and requests human investigation only.,Codex (AI-assisted review),2026-09-30
phase7-e70d8622132d|S05|SOA0040007|10|1,phase7-e70d8622132d,S05,S05|SOA0040007|10,1,Escalate to procurement,Submit the verified material-shortage exceptions for human procurement review.,"[{""exception_id"": ""EX-MATE-BAF10D549B5183"", ""field"": ""Shortage_Quantity"", ""unit"": ""EA"", ""value"": 17.0}]",Medium,17.0,0.0,0.0,0.0,,Supported,The advisory procurement escalation cites positive deterministic shortage evidence and requests human investigation only.,Codex (AI-assisted review),2026-09-30
phase7-e70d8622132d|S05|SOA0040009|10|1,phase7-e70d8622132d,S05,S05|SOA0040009|10,1,Escalate to production planning,Submit the verified production-planning exceptions for human planning review.,"[{""exception_id"": ""EX-PLAN-F71C914958F561"", ""field"": ""Planned_End_Date"", ""unit"": null, ""value"": ""2026-10-18""}]",High,0.0,0.0,0.0,0.0,,Supported,The advisory escalation cites a verified planning exception and requests human production-planning review only.,Codex (AI-assisted review),2026-09-30
phase7-e70d8622132d|S06|SOA0050001|10|1,phase7-e70d8622132d,S06,S06|SOA0050001|10,1,Request missing data,Request the missing information needed for human review of the verified supply exceptions.,"[{""exception_id"": ""EX-LATE-13B4C0F05B59D9"", ""field"": ""Late_Incoming_Quantity"", ""unit"": ""EA"", ""value"": 26.0}, {""exception_id"": ""EX-LATE-E2853B4316C2AF"", ""field"": ""Late_Incoming_Quantity"", ""unit"": ""EA"", ""value"": 14.0}, {""exception_id"": ""EX-LATE-F130FBF964E34E"", ""field"": ""Late_Incoming_Quantity"", ""unit"": ""EA"", ""value"": 38.0}]",Critical,0.0,0.0,0.0,0.0,,Supported,The request is supported by positive late/overdue supply evidence and asks for supplier confirmation or cross-order review rather than claiming an outcome.,Codex (AI-assisted review),2026-09-30
phase7-e70d8622132d|S06|SOA0050001|10|2,phase7-e70d8622132d,S06,S06|SOA0050001|10,2,Escalate to production planning,Submit the verified production-planning exceptions for human planning review.,"[{""exception_id"": ""EX-PROD-8187CCF2E26F97"", ""field"": ""Planned_End_Date"", ""unit"": null, ""value"": ""2026-09-24""}]",Critical,0.0,0.0,0.0,0.0,,Supported,The advisory escalation cites a verified planning exception and requests human production-planning review only.,Codex (AI-assisted review),2026-09-30
phase7-e70d8622132d|S06|SOA0050002|10|1,phase7-e70d8622132d,S06,S06|SOA0050002|10,1,Escalate to procurement,Submit the verified material-shortage exceptions for human procurement review.,"[{""exception_id"": ""EX-MATE-4CA8AA6EDF2598"", ""field"": ""Shortage_Quantity"", ""unit"": ""EA"", ""value"": 4.0}]",Medium,4.0,0.0,13.0,0.0,,Supported,The advisory procurement escalation cites positive deterministic shortage evidence and requests human investigation only.,Codex (AI-assisted review),2026-09-30
phase7-e70d8622132d|S06|SOA0050002|10|2,phase7-e70d8622132d,S06,S06|SOA0050002|10,2,Request missing data,Request the missing information needed for human review of the verified supply exceptions.,"[{""exception_id"": ""EX-LATE-C578BDF580779C"", ""field"": ""Late_Incoming_Quantity"", ""unit"": ""EA"", ""value"": 13.0}, {""exception_id"": ""EX-LATE-7DE7E4F91063F7"", ""field"": ""Late_Incoming_Quantity"", ""unit"": ""EA"", ""value"": 27.0}, {""exception_id"": ""EX-LATE-ADA7D4D4938C1D"", ""field"": ""Late_Incoming_Quantity"", ""unit"": ""EA"", ""value"": 29.0}]",Medium,4.0,0.0,13.0,0.0,,Supported,The request is supported by positive late/overdue supply evidence and asks for supplier confirmation or cross-order review rather than claiming an outcome.,Codex (AI-assisted review),2026-09-30
phase7-e70d8622132d|S06|SOA0050006|10|1,phase7-e70d8622132d,S06,S06|SOA0050006|10,1,Escalate to procurement,Submit the verified material-shortage exceptions for human procurement review.,"[{""exception_id"": ""EX-MATE-F6C416BB644F61"", ""field"": ""Shortage_Quantity"", ""unit"": ""EA"", ""value"": 7.0}]",High,7.0,0.0,0.0,0.0,,Supported,The advisory procurement escalation cites positive deterministic shortage evidence and requests human investigation only.,Codex (AI-assisted review),2026-09-30
phase7-e70d8622132d|S06|SOA0050006|10|2,phase7-e70d8622132d,S06,S06|SOA0050006|10,2,Request missing data,Request the missing information needed for human review of the verified supply exceptions.,"[{""exception_id"": ""EX-LATE-03228140411603"", ""field"": ""Late_Incoming_Quantity"", ""unit"": ""EA"", ""value"": 37.0}, {""exception_id"": ""EX-LATE-8C260C3378DE2B"", ""field"": ""Late_Incoming_Quantity"", ""unit"": ""EA"", ""value"": 41.0}, {""exception_id"": ""EX-OVER-738AFCE86D1956"", ""field"": ""Overdue_Incoming_Quantity"", ""unit"": ""EA"", ""value"": 19.0}]",High,7.0,0.0,0.0,0.0,,Supported,The request is supported by positive late/overdue supply evidence and asks for supplier confirmation or cross-order review rather than claiming an outcome.,Codex (AI-assisted review),2026-09-30
phase7-e70d8622132d|S06|SOA0050013|10|1,phase7-e70d8622132d,S06,S06|SOA0050013|10,1,Escalate to production planning,Submit the verified production-planning exceptions for human planning review.,"[{""exception_id"": ""EX-UNSC-AB13ECECF17545"", ""field"": ""Analysis_Date"", ""unit"": null, ""value"": ""2026-09-25""}]",Low,0.0,,,,,Supported,The advisory escalation cites a verified planning exception and requests human production-planning review only.,Codex (AI-assisted review),2026-09-30
phase7-e70d8622132d|S07|SOA0060002|10|1,phase7-e70d8622132d,S07,S07|SOA0060002|10,1,Request missing data,Request the missing information needed for human review of the verified supply exceptions.,"[{""exception_id"": ""EX-LATE-5A8704D1F3FC76"", ""field"": ""Late_Incoming_Quantity"", ""unit"": ""EA"", ""value"": 24.0}]",High,0.0,0.0,0.0,0.0,,Supported,The request is supported by positive late/overdue supply evidence and asks for supplier confirmation or cross-order review rather than claiming an outcome.,Codex (AI-assisted review),2026-09-30
phase7-e70d8622132d|S07|SOA0060002|10|2,phase7-e70d8622132d,S07,S07|SOA0060002|10,2,Escalate to production planning,Submit the verified production-planning exceptions for human planning review.,"[{""exception_id"": ""EX-PLAN-23FC3D6FD33826"", ""field"": ""Planned_End_Date"", ""unit"": null, ""value"": ""2026-10-09""}]",High,0.0,0.0,0.0,0.0,,Supported,The advisory escalation cites a verified planning exception and requests human production-planning review only.,Codex (AI-assisted review),2026-09-30
phase7-e70d8622132d|S07|SOA0060006|10|1,phase7-e70d8622132d,S07,S07|SOA0060006|10,1,Request missing data,Request the missing information needed for human review of the verified supply exceptions.,"[{""exception_id"": ""EX-LATE-F404DF06138815"", ""field"": ""Late_Incoming_Quantity"", ""unit"": ""EA"", ""value"": 16.0}]",Low,0.0,0.0,16.0,0.0,,Supported,The request is supported by positive late/overdue supply evidence and asks for supplier confirmation or cross-order review rather than claiming an outcome.,Codex (AI-assisted review),2026-09-30
phase7-e70d8622132d|S07|SOA0060009|10|1,phase7-e70d8622132d,S07,S07|SOA0060009|10,1,Request missing data,Request the missing information needed for human review of the verified supply exceptions.,"[{""exception_id"": ""EX-LATE-7445BAA6975942"", ""field"": ""Late_Incoming_Quantity"", ""unit"": ""EA"", ""value"": 24.0}]",Medium,0.0,0.0,0.0,0.0,,Supported,The request is supported by positive late/overdue supply evidence and asks for supplier confirmation or cross-order review rather than claiming an outcome.,Codex (AI-assisted review),2026-09-30
phase7-e70d8622132d|S07|SOA0060009|10|2,phase7-e70d8622132d,S07,S07|SOA0060009|10,2,Escalate to production planning,Submit the verified production-planning exceptions for human planning review.,"[{""exception_id"": ""EX-PLAN-56D492E27726E2"", ""field"": ""Planned_End_Date"", ""unit"": null, ""value"": ""2026-10-20""}]",Medium,0.0,0.0,0.0,0.0,,Supported,The advisory escalation cites a verified planning exception and requests human production-planning review only.,Codex (AI-assisted review),2026-09-30
phase7-e70d8622132d|S07|SOA0060013|10|1,phase7-e70d8622132d,S07,S07|SOA0060013|10,1,Escalate to production planning,Submit the verified production-planning exceptions for human planning review.,"[{""exception_id"": ""EX-UNSC-0B1B50C048C2B5"", ""field"": ""Analysis_Date"", ""unit"": null, ""value"": ""2026-09-25""}]",Low,0.0,,,,,Supported,The advisory escalation cites a verified planning exception and requests human production-planning review only.,Codex (AI-assisted review),2026-09-30
phase7-e70d8622132d|S08|SOA0070002|10|1,phase7-e70d8622132d,S08,S08|SOA0070002|10,1,Request missing data,Request the missing information needed for human review of the verified supply exceptions.,"[{""exception_id"": ""EX-LATE-11898CE34B72AC"", ""field"": ""Late_Incoming_Quantity"", ""unit"": ""EA"", ""value"": 41.0}, {""exception_id"": ""EX-LATE-38936ABC293C81"", ""field"": ""Late_Incoming_Quantity"", ""unit"": ""EA"", ""value"": 27.0}, {""exception_id"": ""EX-LATE-AD762F69A0FCC0"", ""field"": ""Late_Incoming_Quantity"", ""unit"": ""EA"", ""value"": 17.0}]",Low,0.0,0.0,41.0,0.0,,Supported,The request is supported by positive late/overdue supply evidence and asks for supplier confirmation or cross-order review rather than claiming an outcome.,Codex (AI-assisted review),2026-09-30
phase7-e70d8622132d|S08|SOA0070005|10|1,phase7-e70d8622132d,S08,S08|SOA0070005|10,1,Escalate to procurement,Submit the verified material-shortage exceptions for human procurement review.,"[{""exception_id"": ""EX-MATE-3A0A842E92E8E5"", ""field"": ""Shortage_Quantity"", ""unit"": ""EA"", ""value"": 10.0}, {""exception_id"": ""EX-MATE-FA90B5D017E782"", ""field"": ""Shortage_Quantity"", ""unit"": ""EA"", ""value"": 10.0}]",High,10.0,0.0,0.0,0.0,,Supported,The advisory procurement escalation cites positive deterministic shortage evidence and requests human investigation only.,Codex (AI-assisted review),2026-09-30
phase7-e70d8622132d|S08|SOA0070005|10|2,phase7-e70d8622132d,S08,S08|SOA0070005|10,2,Request missing data,Request the missing information needed for human review of the verified supply exceptions.,"[{""exception_id"": ""EX-LATE-E4EEC7D29D0DB9"", ""field"": ""Late_Incoming_Quantity"", ""unit"": ""EA"", ""value"": 16.0}]",High,10.0,0.0,0.0,0.0,,Supported,The request is supported by positive late/overdue supply evidence and asks for supplier confirmation or cross-order review rather than claiming an outcome.,Codex (AI-assisted review),2026-09-30
phase7-e70d8622132d|S08|SOA0070008|10|1,phase7-e70d8622132d,S08,S08|SOA0070008|10,1,Request missing data,Request the missing information needed for human review of the verified supply exceptions.,"[{""exception_id"": ""EX-LATE-2434F1EE34FD44"", ""field"": ""Late_Incoming_Quantity"", ""unit"": ""EA"", ""value"": 27.0}]",High,0.0,0.0,0.0,0.0,,Supported,The request is supported by positive late/overdue supply evidence and asks for supplier confirmation or cross-order review rather than claiming an outcome.,Codex (AI-assisted review),2026-09-30
phase7-e70d8622132d|S08|SOA0070008|10|2,phase7-e70d8622132d,S08,S08|SOA0070008|10,2,Escalate to production planning,Submit the verified production-planning exceptions for human planning review.,"[{""exception_id"": ""EX-PLAN-09E2FFAEAD3F0E"", ""field"": ""Planned_End_Date"", ""unit"": null, ""value"": ""2026-10-16""}]",High,0.0,0.0,0.0,0.0,,Supported,The advisory escalation cites a verified planning exception and requests human production-planning review only.,Codex (AI-assisted review),2026-09-30
phase7-e70d8622132d|S08|SOA0070014|10|1,phase7-e70d8622132d,S08,S08|SOA0070014|10,1,Escalate to production planning,Submit the verified production-planning exceptions for human planning review.,"[{""exception_id"": ""EX-UNSC-6EC5FE6BCFCC61"", ""field"": ""Analysis_Date"", ""unit"": null, ""value"": ""2026-09-25""}]",Medium,0.0,,,,,Supported,The advisory escalation cites a verified planning exception and requests human production-planning review only.,Codex (AI-assisted review),2026-09-30
phase7-e70d8622132d|S09|SOA0080001|10|1,phase7-e70d8622132d,S09,S09|SOA0080001|10,1,Request missing data,Request the missing information needed for human review of the verified supply exceptions.,"[{""exception_id"": ""EX-LATE-1DCF450A44430C"", ""field"": ""Late_Incoming_Quantity"", ""unit"": ""EA"", ""value"": 38.0}, {""exception_id"": ""EX-LATE-AA881D3AD369CD"", ""field"": ""Late_Incoming_Quantity"", ""unit"": ""EA"", ""value"": 16.0}, {""exception_id"": ""EX-LATE-AD125EC16FEDE3"", ""field"": ""Late_Incoming_Quantity"", ""unit"": ""EA"", ""value"": 26.0}]",Critical,0.0,0.0,38.0,0.0,,Supported,The request is supported by positive late/overdue supply evidence and asks for supplier confirmation or cross-order review rather than claiming an outcome.,Codex (AI-assisted review),2026-09-30
phase7-e70d8622132d|S09|SOA0080001|10|2,phase7-e70d8622132d,S09,S09|SOA0080001|10,2,Escalate to production planning,Submit the verified production-planning exceptions for human planning review.,"[{""exception_id"": ""EX-PROD-39822A9175000B"", ""field"": ""Planned_End_Date"", ""unit"": null, ""value"": ""2026-09-24""}]",Critical,0.0,0.0,38.0,0.0,,Supported,The advisory escalation cites a verified planning exception and requests human production-planning review only.,Codex (AI-assisted review),2026-09-30
phase7-e70d8622132d|S09|SOA0080003|10|1,phase7-e70d8622132d,S09,S09|SOA0080003|10,1,Escalate to production planning,Submit the verified production-planning exceptions for human planning review.,"[{""exception_id"": ""EX-PLAN-9CA1898136EB68"", ""field"": ""Planned_End_Date"", ""unit"": null, ""value"": ""2026-10-16""}]",Low,0.0,28.0,0.0,0.0,,Supported,The advisory escalation cites a verified planning exception and requests human production-planning review only.,Codex (AI-assisted review),2026-09-30
phase7-e70d8622132d|S09|SOA0080006|10|1,phase7-e70d8622132d,S09,S09|SOA0080006|10,1,Escalate to procurement,Submit the verified material-shortage exceptions for human procurement review.,"[{""exception_id"": ""EX-MATE-978603DC212426"", ""field"": ""Shortage_Quantity"", ""unit"": ""EA"", ""value"": 12.0}]",Medium,12.0,0.0,0.0,0.0,,Supported,The advisory procurement escalation cites positive deterministic shortage evidence and requests human investigation only.,Codex (AI-assisted review),2026-09-30
phase7-e70d8622132d|S09|SOA0080014|10|1,phase7-e70d8622132d,S09,S09|SOA0080014|10,1,Escalate to procurement,Submit the verified material-shortage exceptions for human procurement review.,"[{""exception_id"": ""EX-MATE-00483F8509CF12"", ""field"": ""Shortage_Quantity"", ""unit"": ""EA"", ""value"": 6.0}]",Critical,6.0,0.0,41.0,0.0,,Supported,The advisory procurement escalation cites positive deterministic shortage evidence and requests human investigation only.,Codex (AI-assisted review),2026-09-30
phase7-e70d8622132d|S09|SOA0080014|10|2,phase7-e70d8622132d,S09,S09|SOA0080014|10,2,Request missing data,Request the missing information needed for human review of the verified supply exceptions.,"[{""exception_id"": ""EX-LATE-9C62A01F75509E"", ""field"": ""Late_Incoming_Quantity"", ""unit"": ""EA"", ""value"": 41.0}, {""exception_id"": ""EX-LATE-A1618B9EB860DE"", ""field"": ""Late_Incoming_Quantity"", ""unit"": ""EA"", ""value"": 29.0}, {""exception_id"": ""EX-LATE-DE4E194DE10E40"", ""field"": ""Late_Incoming_Quantity"", ""unit"": ""EA"", ""value"": 17.0}, {""exception_id"": ""EX-OVER-85ED105B3E580E"", ""field"": ""Overdue_Incoming_Quantity"", ""unit"": ""EA"", ""value"": 19.0}]",Critical,6.0,0.0,41.0,0.0,,Supported,The request is supported by positive late/overdue supply evidence and asks for supplier confirmation or cross-order review rather than claiming an outcome.,Codex (AI-assisted review),2026-09-30
