Scenario_ID,Validation,Exception_Total,Counts
L01,PASS,623,"{""LATE_INCOMING_SUPPLY"": 482, ""MATERIAL_SHORTAGE"": 10, ""OVERDUE_INCOMING_PO"": 12, ""OVERDUE_INCOMING_SUPPLY"": 12, ""PLANNED_COMPLETION_AFTER_REQUESTED_DELIVERY"": 82, ""PRODUCTION_BACKLOG"": 1, ""UNSCHEDULED_ORDER"": 24}"
L02,PASS,608,"{""LATE_INCOMING_SUPPLY"": 463, ""MATERIAL_SHORTAGE"": 9, ""OVERDUE_INCOMING_PO"": 13, ""OVERDUE_INCOMING_SUPPLY"": 17, ""PLANNED_COMPLETION_AFTER_REQUESTED_DELIVERY"": 79, ""PRODUCTION_BACKLOG"": 1, ""UNSCHEDULED_ORDER"": 26}"
L03,PASS,648,"{""LATE_INCOMING_SUPPLY"": 460, ""MATERIAL_SHORTAGE"": 19, ""OVERDUE_INCOMING_PO"": 14, ""OVERDUE_INCOMING_SUPPLY"": 18, ""PLANNED_COMPLETION_AFTER_REQUESTED_DELIVERY"": 81, ""PRODUCTION_BACKLOG"": 1, ""UNSCHEDULED_ORDER"": 28, ""ZERO_SCHEDULE_BUFFER"": 27}"
L04,PASS,286,"{""LATE_INCOMING_SUPPLY"": 84, ""MATERIAL_SHORTAGE"": 23, ""OVERDUE_INCOMING_PO"": 15, ""OVERDUE_INCOMING_SUPPLY"": 31, ""PLANNED_COMPLETION_AFTER_REQUESTED_DELIVERY"": 102, ""PRODUCTION_BACKLOG"": 1, ""UNSCHEDULED_ORDER"": 30}"
L05,PASS,764,"{""LATE_INCOMING_SUPPLY"": 579, ""MATERIAL_SHORTAGE"": 20, ""OVERDUE_INCOMING_PO"": 16, ""OVERDUE_INCOMING_SUPPLY"": 18, ""PLANNED_COMPLETION_AFTER_REQUESTED_DELIVERY"": 98, ""PRODUCTION_BACKLOG"": 1, ""UNSCHEDULED_ORDER"": 32}"
L06,PASS,731,"{""LATE_INCOMING_SUPPLY"": 526, ""MATERIAL_SHORTAGE"": 27, ""OVERDUE_INCOMING_PO"": 17, ""OVERDUE_INCOMING_SUPPLY"": 35, ""PLANNED_COMPLETION_AFTER_REQUESTED_DELIVERY"": 91, ""PRODUCTION_BACKLOG"": 1, ""UNSCHEDULED_ORDER"": 34}"
L07,PASS,885,"{""LATE_INCOMING_SUPPLY"": 655, ""MATERIAL_SHORTAGE"": 21, ""OVERDUE_INCOMING_PO"": 18, ""OVERDUE_INCOMING_SUPPLY"": 28, ""PLANNED_COMPLETION_AFTER_REQUESTED_DELIVERY"": 83, ""PRODUCTION_BACKLOG"": 1, ""UNSCHEDULED_ORDER"": 36, ""ZERO_SCHEDULE_BUFFER"": 43}"
L08,PASS,860,"{""LATE_INCOMING_SUPPLY"": 646, ""MATERIAL_SHORTAGE"": 6, ""OVERDUE_INCOMING_PO"": 19, ""OVERDUE_INCOMING_SUPPLY"": 26, ""PLANNED_COMPLETION_AFTER_REQUESTED_DELIVERY"": 124, ""PRODUCTION_BACKLOG"": 1, ""UNSCHEDULED_ORDER"": 38}"
M01,PASS,116,"{""LATE_INCOMING_SUPPLY"": 66, ""MATERIAL_SHORTAGE"": 8, ""OVERDUE_INCOMING_PO"": 3, ""OVERDUE_INCOMING_SUPPLY"": 5, ""PLANNED_COMPLETION_AFTER_REQUESTED_DELIVERY"": 22, ""PRODUCTION_BACKLOG"": 1, ""UNSCHEDULED_ORDER"": 11}"
M02,PASS,128,"{""LATE_INCOMING_SUPPLY"": 78, ""MATERIAL_SHORTAGE"": 14, ""OVERDUE_INCOMING_PO"": 3, ""OVERDUE_INCOMING_SUPPLY"": 2, ""PLANNED_COMPLETION_AFTER_REQUESTED_DELIVERY"": 18, ""PRODUCTION_BACKLOG"": 1, ""UNSCHEDULED_ORDER"": 12}"
M03,PASS,195,"{""LATE_INCOMING_SUPPLY"": 114, ""MATERIAL_SHORTAGE"": 22, ""OVERDUE_INCOMING_PO"": 3, ""OVERDUE_INCOMING_SUPPLY"": 14, ""PLANNED_COMPLETION_AFTER_REQUESTED_DELIVERY"": 19, ""PRODUCTION_BACKLOG"": 1, ""UNSCHEDULED_ORDER"": 13, ""ZERO_SCHEDULE_BUFFER"": 9}"
M04,PASS,166,"{""LATE_INCOMING_SUPPLY"": 96, ""MATERIAL_SHORTAGE"": 11, ""OVERDUE_INCOMING_PO"": 4, ""OVERDUE_INCOMING_SUPPLY"": 10, ""PLANNED_COMPLETION_AFTER_REQUESTED_DELIVERY"": 30, ""PRODUCTION_BACKLOG"": 1, ""UNSCHEDULED_ORDER"": 14}"
M05,PASS,191,"{""LATE_INCOMING_SUPPLY"": 130, ""MATERIAL_SHORTAGE"": 12, ""OVERDUE_INCOMING_PO"": 4, ""OVERDUE_INCOMING_SUPPLY"": 3, ""PLANNED_COMPLETION_AFTER_REQUESTED_DELIVERY"": 26, ""PRODUCTION_BACKLOG"": 1, ""UNSCHEDULED_ORDER"": 15}"
M06,PASS,170,"{""LATE_INCOMING_SUPPLY"": 110, ""MATERIAL_SHORTAGE"": 14, ""OVERDUE_INCOMING_PO"": 4, ""OVERDUE_INCOMING_SUPPLY"": 3, ""PLANNED_COMPLETION_AFTER_REQUESTED_DELIVERY"": 22, ""PRODUCTION_BACKLOG"": 1, ""UNSCHEDULED_ORDER"": 16}"
M07,PASS,212,"{""LATE_INCOMING_SUPPLY"": 132, ""MATERIAL_SHORTAGE"": 12, ""OVERDUE_INCOMING_PO"": 4, ""OVERDUE_INCOMING_SUPPLY"": 12, ""PLANNED_COMPLETION_AFTER_REQUESTED_DELIVERY"": 25, ""PRODUCTION_BACKLOG"": 1, ""UNSCHEDULED_ORDER"": 17, ""ZERO_SCHEDULE_BUFFER"": 9}"
M08,PASS,230,"{""LATE_INCOMING_SUPPLY"": 137, ""MATERIAL_SHORTAGE"": 32, ""OVERDUE_INCOMING_PO"": 4, ""OVERDUE_INCOMING_SUPPLY"": 9, ""PLANNED_COMPLETION_AFTER_REQUESTED_DELIVERY"": 29, ""PRODUCTION_BACKLOG"": 1, ""UNSCHEDULED_ORDER"": 18}"
S01,PASS,28,"{""LATE_INCOMING_SUPPLY"": 11, ""MATERIAL_SHORTAGE"": 4, ""OVERDUE_INCOMING_PO"": 1, ""OVERDUE_INCOMING_SUPPLY"": 2, ""PLANNED_COMPLETION_AFTER_REQUESTED_DELIVERY"": 7, ""PRODUCTION_BACKLOG"": 1, ""UNSCHEDULED_ORDER"": 2}"
S02,PASS,28,"{""LATE_INCOMING_SUPPLY"": 14, ""MATERIAL_SHORTAGE"": 6, ""OVERDUE_INCOMING_PO"": 1, ""PLANNED_COMPLETION_AFTER_REQUESTED_DELIVERY"": 4, ""PRODUCTION_BACKLOG"": 1, ""UNSCHEDULED_ORDER"": 2}"
S03,PASS,41,"{""LATE_INCOMING_SUPPLY"": 20, ""MATERIAL_SHORTAGE"": 12, ""OVERDUE_INCOMING_PO"": 1, ""OVERDUE_INCOMING_SUPPLY"": 2, ""PLANNED_COMPLETION_AFTER_REQUESTED_DELIVERY"": 3, ""PRODUCTION_BACKLOG"": 1, ""UNSCHEDULED_ORDER"": 2}"
S04,PASS,34,"{""LATE_INCOMING_SUPPLY"": 13, ""MATERIAL_SHORTAGE"": 6, ""OVERDUE_INCOMING_PO"": 1, ""OVERDUE_INCOMING_SUPPLY"": 2, ""PLANNED_COMPLETION_AFTER_REQUESTED_DELIVERY"": 7, ""PRODUCTION_BACKLOG"": 1, ""UNSCHEDULED_ORDER"": 2, ""ZERO_SCHEDULE_BUFFER"": 2}"
S05,PASS,25,"{""LATE_INCOMING_SUPPLY"": 15, ""MATERIAL_SHORTAGE"": 4, ""OVERDUE_INCOMING_PO"": 1, ""PLANNED_COMPLETION_AFTER_REQUESTED_DELIVERY"": 2, ""PRODUCTION_BACKLOG"": 1, ""UNSCHEDULED_ORDER"": 2}"
S06,PASS,41,"{""LATE_INCOMING_SUPPLY"": 26, ""MATERIAL_SHORTAGE"": 7, ""OVERDUE_INCOMING_PO"": 1, ""OVERDUE_INCOMING_SUPPLY"": 1, ""PLANNED_COMPLETION_AFTER_REQUESTED_DELIVERY"": 3, ""PRODUCTION_BACKLOG"": 1, ""UNSCHEDULED_ORDER"": 2}"
S07,PASS,35,"{""LATE_INCOMING_SUPPLY"": 22, ""MATERIAL_SHORTAGE"": 1, ""OVERDUE_INCOMING_PO"": 1, ""OVERDUE_INCOMING_SUPPLY"": 2, ""PLANNED_COMPLETION_AFTER_REQUESTED_DELIVERY"": 6, ""PRODUCTION_BACKLOG"": 1, ""UNSCHEDULED_ORDER"": 2}"
S08,PASS,38,"{""LATE_INCOMING_SUPPLY"": 16, ""MATERIAL_SHORTAGE"": 10, ""OVERDUE_INCOMING_PO"": 1, ""OVERDUE_INCOMING_SUPPLY"": 1, ""PLANNED_COMPLETION_AFTER_REQUESTED_DELIVERY"": 5, ""PRODUCTION_BACKLOG"": 1, ""UNSCHEDULED_ORDER"": 2, ""ZERO_SCHEDULE_BUFFER"": 2}"
S09,PASS,37,"{""LATE_INCOMING_SUPPLY"": 17, ""MATERIAL_SHORTAGE"": 9, ""OVERDUE_INCOMING_PO"": 1, ""OVERDUE_INCOMING_SUPPLY"": 3, ""PLANNED_COMPLETION_AFTER_REQUESTED_DELIVERY"": 4, ""PRODUCTION_BACKLOG"": 1, ""UNSCHEDULED_ORDER"": 2}"
